-2.76862 -0.0140515 2.75456
-2.76862 -0.0140515 2.75456
-2.76862 -0.0140515 2.75456
-2.76862 -0.0140515 2.75456
-2.76862 -0.0140515 2.75456
-2.76862 -0.0140515 2.75456
-2.76862 -0.0140515 2.75456
-2.76862 -0.0140515 2.75456
-2.76862 -0.0140515 2.75456
-2.76862 -0.0140515 2.75456
-2.76862 -0.0140515 2.75456
-2.76862 -0.0140515 2.75456
-2.76862 -0.0140515 2.75456
-2.76844 -0.0140515 2.75439
-2.76844 -0.0140515 2.75439
-2.76844 -0.0140515 2.75439
-2.76844 -0.0140515 2.75439
-2.76844 -0.0139689 2.75447
-2.76844 -0.0139276 2.75451
-2.76844 -0.0138863 2.75455
-2.7667 -0.013845 2.75285
-2.76233 -0.013845 2.74849
-2.7571 -0.013845 2.74325
-2.75291 -0.0137597 2.73915
-2.74889 -0.0138029 2.73509
-2.74418 -0.0137592 2.73042
-2.73737 -0.0136708 2.7237
-2.73319 -0.0135808 2.7196
-2.72882 -0.0135352 2.71529
-2.72481 -0.0134432 2.71136
-2.72132 -0.0133966 2.70792
-2.718 -0.0133966 2.7046
-2.71469 -0.0133493 2.70134
-2.71119 -0.0133016 2.69789
-2.70543 -0.0132053 2.69223
-2.70072 -0.0131565 2.68757
-2.69584 -0.0132059 2.68263
-2.69077 -0.0131559 2.67762
-2.68571 -0.0131054 2.67261
-2.68083 -0.0130543 2.66777
-2.67611 -0.0130026 2.66311
-2.6714 -0.0129503 2.65845
-2.66634 -0.0129503 2.65339
-2.65814 -0.0128969 2.64524
-2.6529 -0.0128426 2.64006
-2.64801 -0.0127877 2.63523
-2.6433 -0.0126767 2.63062
-2.63911 -0.0127327 2.62638
-2.63527 -0.0126762 2.6226
-2.63161 -0.0125053 2.6191
-2.62759 -0.0125053 2.61509
-2.62079 -0.0124475 2.60834
-2.61607 -0.0124475 2.60363
-2.61119 -0.0123292 2.59886
-2.60595 -0.0123292 2.59362
-2.60054 -0.0122689 2.58827
-2.59496 -0.0123298 2.58263
-2.5892 -0.0123298 2.57687
-2.58361 -0.0123298 2.57128
-2.57803 -0.0123298 2.5657
-2.57035 -0.0122664 2.55808
-2.56581 -0.0122022 2.55361
-2.56145 -0.0120727 2.54937
-2.55743 -0.0120727 2.54536
-2.55324 -0.0119414 2.5413
-2.5487 -0.0118752 2.53683
-2.54382 -0.0119419 2.53188
-2.53876 -0.0118076 2.52695
-2.53125 -0.0116722 2.51958
-2.52584 -0.0116037 2.51424
-2.52043 -0.0117418 2.50869
-2.51484 -0.0116722 2.50317
-2.50943 -0.0117424 2.49769
-2.50385 -0.0116716 2.49218
-2.49844 -0.011743 2.4867
-2.49338 -0.011671 2.48171
-2.48832 -0.011526 2.47679
-2.48099 -0.011599 2.46939
-2.4761 -0.0115252 2.46457
-2.47121 -0.0113765 2.45984
-2.46615 -0.0113017 2.45485
-2.46109 -0.0113017 2.44979
-2.45585 -0.0111499 2.4447
-2.45062 -0.0110735 2.43954
-2.44521 -0.0111504 2.43406
-2.43665 -0.0112279 2.42543
-2.43089 -0.0112279 2.41967
-2.42513 -0.0113069 2.41383
-2.41938 -0.0112274 2.40815
-2.41379 -0.0112274 2.40256
-2.40838 -0.0112274 2.39715
-2.40297 -0.0111462 2.39182
-2.39773 -0.0110645 2.38667
-2.3925 -0.0109 2.3816
-2.38464 -0.0107345 2.37391
-2.37941 -0.010651 2.36876
-2.374 -0.010567 2.36343
-2.36824 -0.0106515 2.35759
-2.36248 -0.0107366 2.35174
-2.35637 -0.0107366 2.34563
-2.35043 -0.0107366 2.3397
-2.34468 -0.0106499 2.33403
-2.33612 -0.0106499 2.32547
-2.33054 -0.0106499 2.31989
-2.32495 -0.0105613 2.31439
-2.31937 -0.0105613 2.30881
-2.31378 -0.010382 2.3034
-2.30785 -0.0102919 2.29756
-2.30209 -0.0102919 2.2918
-2.2965 -0.0102007 2.2863
-2.29092 -0.0102924 2.28063
-2.28219 -0.0102924 2.2719
-2.27661 -0.0102924 2.26632
-2.27085 -0.0102924 2.26056
-2.26544 -0.0103863 2.25505
-2.25985 -0.0104807 2.24937
-2.25427 -0.0105756 2.24369
-2.24851 -0.0103849 2.23812
-2.24292 -0.0101933 2.23273
-2.23455 -0.0100007 2.22454
-2.22896 -0.0100007 2.21896
-2.22355 -0.0097083 2.21384
-2.21779 -0.0096104 2.20818
-2.21203 -0.0096104 2.20242
-2.20627 -0.0096104 2.19666
-2.20069 -0.0096104 2.19108
-2.19475 -0.00971015 2.18504
-2.18882 -0.00981036 2.17901
-2.18009 -0.00981036 2.17028
-2.17433 -0.00981036 2.16452
-2.1684 -0.00970856 2.15869
-2.16229 -0.00940176 2.15289
-2.15601 -0.0091963 2.14681
-2.1499 -0.00898989 2.14091
-2.14396 -0.00888622 2.13508
-2.13803 -0.00888622 2.12914
-2.12895 -0.00888622 2.12007
-2.12319 -0.00878102 2.11441
-2.11743 -0.00888664 2.10855
-2.1115 -0.00888664 2.10261
-2.10574 -0.00888664 2.09685
-2.09981 -0.00899349 2.09081
-2.09352 -0.00888623 2.08464
-2.08724 -0.00888623 2.07835
-2.08061 -0.00866998 2.07194
-2.07101 -0.00834426 2.06266
-2.0649 -0.00812584 2.05677
-2.05879 -0.00812584 2.05066
-2.05286 -0.00801582 2.04484
-2.04692 -0.00812622 2.0388
-2.04116 -0.00689007 2.03427
-2.0354 -0.00801581 2.02739
-2.02947 -0.0081273 2.02134
-2.01987 -0.00823917 2.01163
-2.01306 -0.00835161 2.00471
-2.00591 -0.0081259 1.99778
-1.99893 -0.00688474 1.99204
-1.99229 -0.00654384 1.98575
-1.98584 -0.00654384 1.97929
-1.97955 -0.00665823 1.97289
-1.97344 -0.00654349 1.9669
-1.96751 -0.00631333 1.9612
-1.95896 -0.00642874 1.95253
-1.9532 -0.00666047 1.94654
-1.94709 -0.00666047 1.94043
-1.94046 -0.00677695 1.93368
-1.93365 -0.00666012 1.92699
-1.92667 -0.00642576 1.92024
-1.91986 -0.00619069 1.91367
-1.9134 -0.00607282 1.90733
-1.90398 -0.00607282 1.89791
-1.89805 -0.00595418 1.89209
-1.89264 -0.00583527 1.8868
-1.88722 -0.00583527 1.88139
-1.88164 -0.00571586 1.87592
-1.87571 -0.00583552 1.86987
-1.86942 -0.00607536 1.86335
-1.86262 -0.00607536 1.85654
-1.85546 -0.0058344 1.84963
-1.84464 -0.00535126 1.83929
-1.83766 -0.00498758 1.83267
-1.83068 -0.00486608 1.82581
-1.82404 -0.0047443 1.8193
-1.81759 -0.00462227 1.81296
-1.81165 -0.0045 1.80715
-1.80572 -0.00437751 1.80134
-1.79978 -0.00462291 1.79516
-1.79018 -0.00486871 1.78532
-1.78303 -0.00486871 1.77816
-1.7757 -0.00449832 1.7712
-1.76802 -0.00412722 1.76389
-1.76034 -0.00400328 1.75634
-1.75318 -0.00412745 1.74906
-1.74655 -0.00400307 1.74255
-1.74044 -0.0038785 1.73656
-1.73503 -0.00362902 1.7314
-1.72718 -0.00362902 1.72355
-1.72142 -0.00375411 1.71766
-1.71496 -0.00387934 1.71108
-1.70763 -0.00387934 1.70375
-1.69978 -0.00350265 1.69627
-1.69175 -0.00325116 1.6885
-1.68389 -0.00325116 1.68064
-1.67639 -0.00312508 1.67326
-1.66661 -0.00287262 1.66374
-1.66086 -0.0026198 1.65824
-1.65562 -0.00236676 1.65325
-1.65021 -0.00249337 1.64772
-1.64445 -0.00262006 1.64183
-1.63799 -0.00274684 1.63524
-1.63066 -0.00249309 1.62817
-1.62281 -0.00236611 1.62044
-1.61443 -0.00211196 1.61232
-1.60221 -0.00198478 1.60023
-1.59471 -0.00198478 1.59272
-1.58825 -0.00160264 1.58665
-1.58249 -0.00147521 1.58101
-1.57725 -0.00134773 1.57591
-1.57184 -0.00147524 1.57037
-1.56591 -0.00160279 1.56431
-1.55928 -0.00134763 1.55793
-1.54776 -0.0010924 1.54667
-1.53955 -0.0010924 1.53846
-1.531 -0.000837048 1.53017
-1.5228 -0.000581673 1.52222
-1.51512 -0.00032629 1.51479
-1.50831 -0.000198604 1.50811
-1.5022 -7.09296e-05 1.50213
-1.49645 0.000184391 1.49663
-1.49069 0.000184391 1.49087
-1.48091 0.00031201 1.48122
-1.47341 5.68754e-05 1.47346
-1.46538 0.000184395 1.46556
-1.45683 5.69338e-05 1.45688
-1.44827 0.000184323 1.44846
-1.44025 0.000184323 1.44043
-1.43326 0.000438777 1.4337
-1.42698 0.000565926 1.42755
-1.41808 0.000438854 1.41852
-1.41197 0.000565808 1.41254
-1.40534 0.000565808 1.4059
-1.39766 0.000565808 1.39823
-1.38946 0.000565808 1.39002
-1.38073 0.000818827 1.38155
-1.372 0.000692474 1.3727
-1.36397 0.000692474 1.36467
-1.35682 0.000818498 1.35764
-1.34757 0.000944373 1.34851
-1.34163 0.000944373 1.34258
-1.33518 0.00106991 1.33625
-1.3282 0.00106991 1.32927
-1.32052 0.00119512 1.32171
-1.31231 0.0010701 1.31338
-1.30359 0.0010701 1.30466
-1.29503 0.00119466 1.29623
-1.28334 0.00131897 1.28466
-1.27653 0.00144292 1.27798
-1.27008 0.00156667 1.27164
-1.26397 0.00169021 1.26566
-1.25734 0.00169021 1.25903
-1.25035 0.00181333 1.25217
-1.24285 0.00181333 1.24466
-1.23465 0.00169072 1.23634
-1.22627 0.0015684 1.22784
-1.21405 0.0015684 1.21562
-1.20637 0.00168994 1.20806
-1.19922 0.0019324 1.20115
-1.19241 0.0019324 1.19434
-1.18578 0.0019324 1.18771
-1.1788 0.0019324 1.18073
-1.17146 0.0019324 1.1734
-1.16361 0.0019324 1.16554
-1.15139 0.001813 1.15321
-1.14302 0.001813 1.14483
-1.13499 0.00169455 1.13668
-1.12731 0.00181261 1.12912
-1.12033 0.00204797 1.12237
-1.11335 0.0021653 1.11551
-1.10636 0.00204833 1.10841
-1.09938 0.00193171 1.10131
-1.09205 0.00193171 1.09398
-1.08036 0.00193171 1.08229
-1.07216 0.00181649 1.07397
-1.06378 0.00158696 1.06537
-1.05558 0.00158696 1.05716
-1.04807 0.0018146 1.04988
-1.04109 0.00192798 1.04302
-1.03428 0.00192798 1.03621
-1.02748 0.00170286 1.02918
-1.02032 0.00159071 1.02191
-1.00897 0.00170242 1.01068
-1.00112 0.00159142 1.00271
-0.992918 0.00137043 0.994288
-0.98454 0.00126046 0.985801
-0.976337 0.00136988 0.977707
-0.968658 0.00180538 0.970463
-0.961327 0.00223884 0.963566
-0.954172 0.00256244 0.956734
-0.94335 0.00288458 0.946235
-0.935846 0.00341772 0.939263
-0.927992 0.00314538 0.931137
-0.919789 0.0039892 0.923778
-0.911062 0.005143 0.916205
-0.90251 0.00618558 0.908695
-0.893958 0.00722189 0.90118
-0.885231 0.00856085 0.893792
-0.876504 0.0101983 0.886703
-0.863414 0.0120286 0.875443
-0.854513 0.0138407 0.868354
-0.845961 0.0156403 0.861601
-0.837584 0.0177256 0.855309
-0.82973 0.0197969 0.849526
-0.82205 0.0220509 0.844101
-0.814545 0.024388 0.838933
-0.80704 0.026807 0.833847
-0.796219 0.0293065 0.825526
-0.788714 0.0317823 0.820497
-0.780162 0.0343361 0.814498
-0.771086 0.0370578 0.808144
-0.761836 0.0398495 0.801686
-0.752761 0.0424324 0.795193
-0.743685 0.0451754 0.78886
-0.734435 0.0478034 0.782238
-0.72501 0.050766 0.775776
-0.710873 0.0541445 0.765017
-0.700924 0.0572979 0.758222
-0.690627 0.0605041 0.751131
-0.67998 0.0624233 0.742404
-0.669508 0.0657204 0.735229
-0.659036 0.0690612 0.728098
-0.648913 0.0725256 0.721439
-0.63914 0.076029 0.715169
-0.624479 0.0795705 0.704049
-0.61453 0.0831256 0.697656
-0.604408 0.0867906 0.691198
-0.593761 0.0905598 0.684321
-0.583115 0.0943501 0.677465
-0.572992 0.0982334 0.671225
-0.562869 0.101987 0.664855
-0.553095 0.104329 0.657424
-0.54367 0.108464 0.652135
-0.529707 0.112539 0.642247
-0.520283 0.116525 0.636808
-0.510683 0.120383 0.631066
-0.500735 0.124578 0.625313
-0.490438 0.128572 0.619009
-0.479966 0.132622 0.612588
-0.469668 0.136661 0.606329
-0.459545 0.138634 0.598179
-0.44471 0.142933 0.587643
-0.434762 0.146934 0.581696
-0.424639 0.151029 0.575667
-0.414341 0.155095 0.569436
-0.404044 0.159019 0.563062
-0.394095 0.163072 0.557167
-0.384322 0.16476 0.549081
-0.374373 0.16872 0.543093
-0.36425 0.172689 0.53694
-0.349066 0.17666 0.525726
-0.339117 0.180389 0.519507
-0.328995 0.184161 0.513156
-0.318697 0.185685 0.504382
-0.308225 0.189448 0.497673
-0.297753 0.193016 0.490769
-0.28763 0.196475 0.484105
-0.277158 0.200105 0.477263
-0.261625 0.201368 0.462993
-0.251502 0.204717 0.456219
-0.241379 0.207951 0.44933
-0.230907 0.21127 0.442177
-0.22061 0.214429 0.435039
-0.210312 0.215163 0.425475
-0.199491 0.218134 0.417625
-0.188321 0.220999 0.40932
-0.177325 0.223778 0.401103
-0.160745 0.224256 0.385
-0.149924 0.226746 0.37667
-0.139452 0.229136 0.368588
-0.128805 0.231405 0.360211
-0.117984 0.231298 0.349282
-0.107338 0.233331 0.340669
-0.0963422 0.235229 0.331571
-0.0851721 0.237 0.322172
-0.068766 0.23645 0.305216
-0.0577704 0.237831 0.295601
-0.0471239 0.239057 0.28618
-0.0368264 0.238051 0.274877
-0.026529 0.238975 0.265504
-0.0164061 0.23973 0.256136
-0.00610865 0.238325 0.244434
0.00436332 0.238737 0.234373
0.0150098 0.238984 0.223974
0.0308923 0.239052 0.20816
0.0411898 0.236902 0.195712
0.0514872 0.236476 0.184989
0.0617847 0.235861 0.174076
0.0720821 0.233221 0.161139
0.0823795 0.232156 0.149776
0.0928515 0.229212 0.13636
0.103323 0.227695 0.124371
0.118857 0.225967 0.10711
0.129154 0.222341 0.0931866
0.139277 0.219983 0.080706
0.149749 0.217343 0.0675939
0.159872 0.212986 0.0531134
0.170344 0.209865 0.0395206
0.180816 0.205138 0.0243223
0.191463 0.201356 0.00989291
0.201236 0.197268 -0.00396824
0.213977 0.191589 -0.0223881
0.220959 0.18691 -0.0340486
0.226718 0.180889 -0.045829
0.230907 0.175909 -0.0549982
0.2337 0.171021 -0.0626782
0.23527 0.164956 -0.0703146
0.235794 0.159849 -0.0759449
0.23527 0.153784 -0.0814864
0.233525 0.14861 -0.0849149
0.232129 0.14361 -0.0885189
0.230034 0.138015 -0.0920195
0.227416 0.133198 -0.0942183
0.2241 0.127639 -0.0964609
0.219911 0.122834 -0.097077
0.215025 0.118113 -0.0969115
0.20944 0.113027 -0.0964126
0.203156 0.108635 -0.0945211
0.193382 0.104218 -0.0891646
0.186576 0.0995612 -0.0870145
0.179594 0.0955521 -0.0840423
0.172788 0.0912582 -0.0815294
0.166679 0.0875484 -0.0791306
0.16057 0.083924 -0.0766463
0.154462 0.0800011 -0.0744605
0.149051 0.0765286 -0.0725225
0.141197 0.0728765 -0.0683206
0.136485 0.0697418 -0.066743
0.131947 0.0666393 -0.0653076
0.127584 0.0634145 -0.064169
0.123569 0.0605028 -0.0630665
0.119555 0.0575096 -0.0620455
0.116064 0.0547866 -0.0612778
0.112574 0.052141 -0.0604327
0.109432 0.0493869 -0.0600452
0.104196 0.0468562 -0.05734
0.101055 0.0443207 -0.0567339
0.097913 0.0419628 -0.0559502
0.0945968 0.0397016 -0.0548952
0.0914553 0.0374644 -0.0539908
0.0883137 0.0353226 -0.0529911
0.0853466 0.0332218 -0.0521248
0.0823795 0.0312178 -0.0511617
0.0783653 0.0292489 -0.0491164
0.0757473 0.0274038 -0.0483435
0.0733038 0.0255986 -0.0477052
0.0710349 0.0238805 -0.0471544
0.0684169 0.0221937 -0.0462232
0.0657989 0.0206071 -0.0451918
0.0633555 0.0190154 -0.04434
0.060912 0.017506 -0.043406
0.0584685 0.0160873 -0.0423812
0.0551524 0.0146685 -0.0404839
0.053058 0.0134118 -0.0396462
0.0509636 0.0121354 -0.0388282
0.0488692 0.0109596 -0.0379096
0.0471239 0.00978858 -0.0373353
0.0450295 0.00862667 -0.0364028
0.0431096 0.00759166 -0.035518
0.0415388 0.00653276 -0.0350061
0.0394444 0.00559844 -0.033846
0.0383972 0.00461782 -0.0337794
0.03735 0.00367244 -0.0336776
0.0364774 0.00284944 -0.0336279
0.0357792 0.00194198 -0.0338373
0.0349066 0.00115553 -0.0337511
0.0340339 0.000297245 -0.0337367
0.0329867 -0.000464503 -0.0334512
0.0319395 -0.00130128 -0.0332408
0.0305433 -0.00209549 -0.0326387
0.0296706 -0.00275323 -0.0324238
0.029147 -0.00348682 -0.0326338
0.0284489 -0.00411512 -0.032564
0.0279253 -0.00482861 -0.0327539
0.0270526 -0.00543293 -0.0324855
0.0258309 -0.00611387 -0.0319447
0.0244346 -0.00676513 -0.0311997
0.0228638 -0.00729499 -0.0301588
0.0202458 -0.00787486 -0.0281207
0.0185005 -0.00830463 -0.0268051
0.0169297 -0.00876828 -0.025698
0.0153589 -0.00911339 -0.0244723
0.0143117 -0.00950349 -0.0238152
0.0132645 -0.00979485 -0.0230593
0.0123918 -0.0101356 -0.0225274
0.0118682 -0.0104516 -0.0223198
0.0109956 -0.010688 -0.0216835
0.0102974 -0.0109681 -0.0212656
0.00977384 -0.0111737 -0.0209475
0.00942478 -0.0114263 -0.0208511
0.00907571 -0.0116101 -0.0206858
0.00907571 -0.0118414 -0.0209171
0.00907571 -0.0120764 -0.0211521
0.00890118 -0.0122527 -0.0211539
0.00872665 -0.0124795 -0.0212061
0.00872665 -0.0126558 -0.0213825
0.00872665 -0.012878 -0.0216047
0.00890118 -0.0130537 -0.0219549
0.00872665 -0.0132754 -0.0220021
0.00837758 -0.0134528 -0.0218303
0.00837758 -0.013665 -0.0220426
0.00802851 -0.0138751 -0.0219036
0.00750492 -0.014038 -0.0215429
0.00663225 -0.0142285 -0.0208608
0.00558505 -0.0143646 -0.0199496
0.00471239 -0.0145049 -0.0192172
0.00401426 -0.014598 -0.0186122
0.00314159 -0.0146987 -0.0178403
0.00261799 -0.0147531 -0.0173711
0.00244346 -0.0148183 -0.0172617
0.0020944 -0.0148795 -0.0169739
0.0020944 -0.0149119 -0.0170063
0.00226893 -0.0149647 -0.0172337
0.00226893 -0.0150044 -0.0172733
0.00226893 -0.0150605 -0.0173294
0.00226893 -0.015103 -0.0173719
0.00191986 -0.0151578 -0.0170777
0.0020944 -0.0151934 -0.0172878
0.0020944 -0.0152444 -0.0173388
0.00191986 -0.0152952 -0.017215
0.00174533 -0.0153338 -0.0170791
0.0015708 -0.0153761 -0.0169469
0.00139626 -0.0154075 -0.0168037
0.00122173 -0.0154405 -0.0166622
0.000872665 -0.0154649 -0.0163376
0.000698132 -0.0154849 -0.0161831
0.000872665 -0.015498 -0.0163707
0.00122173 -0.015518 -0.0167397
0.00139626 -0.0155466 -0.0169428
0.00174533 -0.0155788 -0.0173241
0.0015708 -0.0156209 -0.0171917
0.00122173 -0.0156586 -0.0168803
0.000523599 -0.0156876 -0.0162112
-0.000349066 -0.0157002 -0.0153511
-0.00122173 -0.0156895 -0.0144678
-0.00191986 -0.0156593 -0.0137395
-0.00226893 -0.0156099 -0.0133409
-0.00261799 -0.0155517 -0.0129337
-0.00244346 -0.0154874 -0.013044
-0.00226893 -0.0154247 -0.0131558
-0.00174533 -0.0153694 -0.013624
-0.00139626 -0.0153232 -0.013927
-0.00122173 -0.0152914 -0.0140697
-0.000872665 -0.0152592 -0.0143866
-0.000349066 -0.0152402 -0.0148912
-0.000174533 -0.0152299 -0.0150554
0.000349066 -0.015224 -0.015573
0.000872665 -0.0152364 -0.0161091
0.0010472 -0.0152571 -0.0163043
0.0010472 -0.0152874 -0.0163346
0.0010472 -0.0153124 -0.0163596
0.000872665 -0.0153427 -0.0162154
0.000523599 -0.0153638 -0.0158874
0.000523599 -0.0153813 -0.0159049
0.000174533 -0.0153936 -0.0155681
0 -0.0154021 -0.0154021
-0.000174533 -0.0154013 -0.0152267
-0.000698132 -0.015396 -0.0146979
-0.00122173 -0.0153823 -0.0141606
-0.00174533 -0.0153504 -0.0136051
-0.00244346 -0.0153105 -0.012867
-0.00296706 -0.0152477 -0.0122807
-0.00331613 -0.0151756 -0.0118595
-0.00366519 -0.0150899 -0.0114247
-0.00366519 -0.0150001 -0.0113349
-0.00349066 -0.014906 -0.0114154
-0.00314159 -0.0148199 -0.0116783
-0.00296706 -0.0147393 -0.0117722
-0.00314159 -0.0146627 -0.0115211
-0.00349066 -0.0145839 -0.0110933
-0.00383972 -0.014494 -0.0106543
-0.00436332 -0.0143956 -0.0100323
-0.00436332 -0.0142845 -0.00992113
-0.00418879 -0.0141745 -0.00998571
-0.00401426 -0.0140684 -0.0100541
-0.00366519 -0.0139667 -0.0103015
-0.00314159 -0.0138743 -0.0107328
-0.00279253 -0.0137942 -0.0110016
-0.0020944 -0.0137221 -0.0116277
-0.00174533 -0.0136671 -0.0119218
-0.00139626 -0.0136216 -0.0122254
-0.00122173 -0.0135861 -0.0123644
-0.00139626 -0.0135535 -0.0121572
-0.0015708 -0.0135182 -0.0119474
-0.00174533 -0.0134758 -0.0117305
-0.00191986 -0.013431 -0.0115111
-0.00191986 -0.0133782 -0.0114584
-0.0020944 -0.0133291 -0.0112347
-0.0020944 -0.0132699 -0.0111755
-0.00191986 -0.0132158 -0.011296
-0.00174533 -0.0131602 -0.0114148
-0.0015708 -0.013115 -0.0115442
-0.00139626 -0.0130743 -0.0116781
-0.0010472 -0.0130309 -0.0119837
-0.00122173 -0.0130036 -0.0117818
-0.00122173 -0.012963 -0.0117413
-0.00122173 -0.012931 -0.0117092
-0.0010472 -0.0128887 -0.0118415
-0.000698132 -0.0128608 -0.0121627
-0.000349066 -0.0128307 -0.0124817
0 -0.0128207 -0.0128207
0.000349066 -0.012807 -0.0131561
0.000698132 -0.0128146 -0.0135127
0.000872665 -0.012817 -0.0136896
0.000872665 -0.0128378 -0.0137104
0.000349066 -0.0128588 -0.0132079
0.000174533 -0.0128502 -0.0130247
0 -0.0128526 -0.0128526
-0.000349066 -0.0128332 -0.0124841
-0.000698132 -0.0128216 -0.0121235
-0.0010472 -0.0127824 -0.0117352
-0.0015708 -0.0127525 -0.0111817
-0.00244346 -0.0126893 -0.0102458
-0.00314159 -0.0126227 -0.00948107
-0.00453786 -0.0125157 -0.00797788
-0.00506145 -0.0123939 -0.00733244
-0.00541052 -0.0122351 -0.00682459
-0.00558505 -0.0120893 -0.00650427
-0.00523599 -0.0119405 -0.00670447
-0.00506145 -0.0117754 -0.00671399
-0.00471239 -0.0116388 -0.00692645
-0.00418879 -0.011484 -0.00729522
-0.00366519 -0.0113677 -0.00770253
-0.00366519 -0.0112396 -0.00757437
-0.00349066 -0.0111369 -0.00764624
-0.00349066 -0.0110124 -0.00752175
-0.00314159 -0.0109151 -0.00777349
-0.00261799 -0.0108011 -0.00818306
-0.00226893 -0.0107263 -0.00845739
-0.0015708 -0.0106323 -0.00906149
-0.000872665 -0.0105827 -0.00971
-0.000523599 -0.0105241 -0.0100005
-0.000523599 -0.0105011 -0.00997748
-0.000698132 -0.010478 -0.00977982
-0.0010472 -0.0104239 -0.00937668
-0.0010472 -0.0103865 -0.00933928
-0.0010472 -0.0103242 -0.00927703
-0.000872665 -0.0102867 -0.00941404
-0.000349066 -0.0102303 -0.00988123
0 -0.0102098 -0.0102098
0.000523599 -0.0101781 -0.0107017
0.0010472 -0.0101798 -0.011227
0.00122173 -0.0101784 -0.0114001
0.0015708 -0.0101979 -0.0117687
0.00191986 -0.0102131 -0.0121329
0.00191986 -0.0102496 -0.0121695
0.00191986 -0.0102792 -0.012199
0.0020944 -0.0103159 -0.0124103
0.00174533 -0.0103578 -0.0121031
0.00139626 -0.0103881 -0.0117843
0.000872665 -0.0104108 -0.0112835
0.000523599 -0.0104249 -0.0109485
0.000349066 -0.0104249 -0.010774
0.000349066 -0.0104339 -0.010783
0.000349066 -0.0104295 -0.0107785
0.000698132 -0.0104485 -0.0111466
0.000698132 -0.0104536 -0.0111518
0.000523599 -0.0104923 -0.0110159
0 -0.0104934 -0.0104934
-0.0010472 -0.0105269 -0.00947974
-0.00244346 -0.0104878 -0.00804432
-0.00366519 -0.0104718 -0.00680665
-0.00488692 -0.0103658 -0.00547885
-0.00558505 -0.0103009 -0.00471584
-0.00575959 -0.0101456 -0.00438599
-0.00575959 -0.00998255 -0.00422297
-0.00541052 -0.00991699 -0.00450647
-0.00523599 -0.00976534 -0.00452935
-0.00523599 -0.0097325 -0.00449651
-0.00506145 -0.0095894 -0.00452794
-0.00506145 -0.00958368 -0.00452223
-0.00453786 -0.00944886 -0.00491101
-0.00401426 -0.00948281 -0.00546855
-0.00296706 -0.0093791 -0.00641204
-0.00226893 -0.00948131 -0.00721238
-0.0015708 -0.00942744 -0.00785665
-0.00122173 -0.00959433 -0.0083726
-0.000872665 -0.0095732 -0.00870053
-0.000872665 -0.00979032 -0.00891766
-0.000523599 -0.00978371 -0.00926011
0.000349066 -0.0100434 -0.0103925
0.000698132 -0.0100749 -0.010773
0.0015708 -0.0101158 -0.0116866
0.00191986 -0.0104711 -0.012391
0.0020944 -0.0105516 -0.012646
0.0020944 -0.0109593 -0.0130537
0.0015708 -0.0110503 -0.0126211
0.0010472 -0.0114825 -0.0125297
0.000698132 -0.0115555 -0.0122536
0.000523599 -0.0120044 -0.012528
0.000523599 -0.0120737 -0.0125973
0.000698132 -0.0125586 -0.0132568
0.000872665 -0.0126425 -0.0135152
0.0010472 -0.0131778 -0.014225
0.00122173 -0.013282 -0.0145037
0.0010472 -0.0138663 -0.0149135
0.000698132 -0.0139836 -0.0146818
0.000523599 -0.0145955 -0.0151191
0.000349066 -0.0147097 -0.0150588
0 -0.0148199 -0.0148199
-0.000174533 -0.0154655 -0.015291
0 -0.0155761 -0.0155761
0 -0.0162636 -0.0162636
-0.000174533 -0.0163926 -0.0162181
-0.000698132 -0.0171077 -0.0164096
-0.00122173 -0.0172347 -0.016013
-0.00191986 -0.0179506 -0.0160308
-0.00314159 -0.0180616 -0.01492
-0.00383972 -0.018757 -0.0149173
-0.00436332 -0.0188324 -0.0144691
-0.00488692 -0.0195125 -0.0146255
-0.00558505 -0.0195775 -0.0139924
-0.00645772 -0.0202339 -0.0137762
-0.00733038 -0.0202734 -0.012943
-0.00802851 -0.0208922 -0.0128637
-0.00872665 -0.0209071 -0.0121805
-0.00959931 -0.0209034 -0.0113041
-0.010472 -0.0214672 -0.0109952
-0.0109956 -0.0214337 -0.0104382
-0.0115192 -0.0219355 -0.0104164
-0.0122173 -0.02189 -0.00967273
-0.0127409 -0.0223315 -0.00959062
-0.0136136 -0.022268 -0.00865446
-0.0141372 -0.0226159 -0.00847875
-0.0143117 -0.0225289 -0.00821719
-0.0144862 -0.0227828 -0.00829658
-0.0144862 -0.0226978 -0.0082116
-0.0148353 -0.0228654 -0.00803007
-0.0151844 -0.0227809 -0.00759652
-0.0153589 -0.0228102 -0.00745134
-0.0155334 -0.0227192 -0.00718573
-0.015708 -0.0225903 -0.00688235
-0.0155334 -0.022492 -0.00695855
-0.0155334 -0.0222089 -0.00667543
-0.0155334 -0.0221149 -0.00658145
-0.015708 -0.0220209 -0.00631294
-0.016057 -0.0215206 -0.00546354
-0.0162316 -0.0214086 -0.00517702
-0.0164061 -0.0206466 -0.0042405
-0.0167552 -0.0205141 -0.00375893
-0.0167552 -0.0194803 -0.00272511
-0.0162316 -0.0193175 -0.00308591
-0.016057 -0.0179752 -0.00191816
-0.0155334 -0.0178094 -0.00227594
-0.0150098 -0.0161158 -0.00110596
-0.0146608 -0.0159457 -0.00128496
-0.0143117 -0.0138949 0.000416753
-0.0143117 -0.0137 0.000611713
-0.0141372 -0.0111957 0.00294143
-0.0139626 -0.0109536 0.00300905
-0.0132645 -0.00794576 0.00531875
-0.0125664 -0.00766515 0.00490122
-0.0116937 -0.00416758 0.00752613
-0.010821 -0.00385639 0.00696465
-0.00942478 0.000206873 0.00963165
-0.00837758 0.000548791 0.00892637
-0.00750492 0.00522352 0.0127284
-0.00663225 0.00561569 0.0122479
-0.00523599 0.0109392 0.0161751
-0.00383972 0.0113837 0.0152234
-0.00261799 0.0117952 0.0144132
-0.00122173 0.0179191 0.0191409
0.000523599 0.0183964 0.0178728
0.00261799 0.0252913 0.0226733
0.00471239 0.0258148 0.0211024
0.00698132 0.0334814 0.0265001
0.00890118 0.0340642 0.025163
0.0115192 0.0425719 0.0310527
0.0136136 0.0432299 0.0296164
0.0158825 0.0526058 0.0367233
0.0185005 0.0533513 0.0348509
0.0216421 0.0636333 0.0419912
0.0246091 0.0644611 0.039852
0.0277507 0.0756382 0.0478875
0.0310669 0.0765525 0.0454857
0.0359538 0.0886471 0.0526933
0.039619 0.0896095 0.0499905
0.0432842 0.10258 0.0592958
0.047473 0.103649 0.0561757
0.0518363 0.117482 0.0656459
0.0567232 0.118631 0.0619079
0.0617847 0.119651 0.0578665
0.0666716 0.134459 0.0677877
0.0715585 0.135583 0.0640244
0.0790634 0.151237 0.072174
0.0841249 0.15239 0.0682647
0.0895354 0.168596 0.0790604
0.0947714 0.169825 0.0750533
0.100182 0.186529 0.086347
0.105941 0.187895 0.0819535
0.111876 0.205105 0.0932298
0.118159 0.206568 0.0884088
0.128107 0.223965 0.0958574
0.134914 0.225405 0.0904911
0.141895 0.242573 0.100678
0.149051 0.244086 0.0950349
0.156556 0.245435 0.0888792
0.164061 0.262634 0.0985729
0.171915 0.263987 0.0920719
0.179943 0.280446 0.100503
0.188321 0.281812 0.0934912
0.200713 0.296988 0.0962748
0.208741 0.298221 0.0894796
0.216421 0.311943 0.0955217
0.224275 0.313132 0.0888568
0.232652 0.325163 0.0925107
0.240855 0.326299 0.0854435
0.249058 0.336348 0.0872893
0.257087 0.337345 0.0802575
0.269304 0.345379 0.0760752
0.277333 0.346098 0.0687654
0.284838 0.34663 0.0617922
0.292168 0.352358 0.0601895
0.299149 0.352707 0.0535577
0.305956 0.356079 0.0501228
0.312588 0.356218 0.0436295
0.319046 0.357193 0.0381468
0.324806 0.357076 0.0322703
0.33266 0.35546 0.0227998
0.337198 0.355012 0.017814
0.341561 0.350597 0.0090358
0.34575 0.34986 0.00410993
0.349589 0.342656 -0.00693345
0.352906 0.333055 -0.0198502
0.355524 0.331713 -0.023811
0.357269 0.31963 -0.0376385
0.359014 0.317961 -0.0410533
0.359538 0.30345 -0.0560874
0.359538 0.301475 -0.0580628
0.359014 0.284564 -0.07445
0.357618 0.282338 -0.07528
0.355524 0.263184 -0.09234
0.35308 0.260698 -0.0923818
0.350288 0.239238 -0.11105
0.348019 0.236507 -0.111511
0.345924 0.213329 -0.132595
0.344877 0.210264 -0.134613
0.344004 0.20724 -0.136764
0.342259 0.182354 -0.159905
0.339292 0.179018 -0.160274
0.335278 0.152832 -0.182446
0.330216 0.149089 -0.181128
0.323759 0.122154 -0.201605
0.315905 0.118444 -0.19746
0.302291 0.0912343 -0.211057
0.292866 0.0874979 -0.205368
0.283965 0.0838809 -0.200084
0.275238 0.0563328 -0.218906
0.266861 0.052704 -0.214157
0.259007 0.0250473 -0.23396
0.251153 0.0212686 -0.229884
0.243124 0.0175911 -0.225533
0.231256 -0.0101238 -0.24138
0.223577 -0.0138319 -0.237409
0.215723 -0.0412107 -0.256933
0.208392 -0.0450786 -0.253471
0.201062 -0.0487475 -0.249809
0.193382 -0.0758088 -0.269191
0.185703 -0.0796639 -0.265367
0.177849 -0.106165 -0.284014
0.169821 -0.110088 -0.279909
0.157429 -0.113967 -0.271395
0.149226 -0.139791 -0.289016
0.140848 -0.143529 -0.284378
0.13247 -0.168504 -0.300975
0.124267 -0.172305 -0.296573
0.116239 -0.175969 -0.292208
0.108385 -0.199867 -0.308251
0.100531 -0.203642 -0.304173
0.0881391 -0.207309 -0.295448
0.079587 -0.230236 -0.309823
0.0712094 -0.233873 -0.305083
0.0630064 -0.2373 -0.300306
0.0548033 -0.258758 -0.313561
0.0467748 -0.2622 -0.308975
0.0389208 -0.281863 -0.320784
0.0310669 -0.285327 -0.316394
0.0232129 -0.288684 -0.311897
0.010821 -0.306481 -0.317302
0.00261799 -0.309766 -0.312384
-0.00593412 -0.312932 -0.306998
-0.0143117 -0.328921 -0.314609
-0.0225147 -0.331965 -0.30945
-0.0301942 -0.33491 -0.304715
-0.0378736 -0.349036 -0.311163
-0.0455531 -0.351917 -0.306364
-0.0568977 -0.354703 -0.297805
-0.0647517 -0.366959 -0.302208
-0.0727802 -0.369542 -0.296762
-0.0808087 -0.380089 -0.29928
-0.0890118 -0.382614 -0.293602
-0.0975639 -0.384947 -0.287384
-0.106116 -0.394013 -0.287897
-0.114145 -0.396202 -0.282057
-0.121999 -0.398233 -0.276234
-0.133518 -0.405798 -0.27228
-0.141197 -0.40762 -0.266422
-0.149226 -0.413885 -0.26466
-0.157603 -0.415487 -0.257883
-0.165981 -0.416941 -0.25096
-0.174358 -0.422165 -0.247807
-0.182911 -0.423417 -0.240506
-0.191463 -0.424493 -0.23303
-0.203854 -0.428693 -0.224839
-0.212058 -0.429412 -0.217355
-0.219911 -0.433172 -0.21326
-0.227591 -0.433658 -0.206067
-0.235445 -0.433977 -0.198532
-0.243299 -0.437936 -0.194637
-0.251502 -0.437992 -0.18649
-0.259705 -0.44226 -0.182555
-0.267908 -0.442043 -0.174135
-0.280125 -0.446959 -0.166834
-0.288328 -0.446393 -0.158064
-0.296008 -0.445638 -0.14963
-0.303513 -0.451437 -0.147924
-0.310843 -0.450465 -0.139622
-0.318348 -0.457335 -0.138987
-0.326028 -0.456152 -0.130125
-0.333881 -0.464298 -0.130416
-0.345924 -0.462909 -0.116985
-0.354127 -0.461238 -0.107111
-0.36233 -0.470766 -0.108436
-0.370359 -0.468927 -0.0985676
-0.378387 -0.479979 -0.101592
-0.386416 -0.478039 -0.0916232
-0.394793 -0.490573 -0.0957795
-0.403346 -0.488502 -0.0851561
-0.412072 -0.502506 -0.0904335
-0.424813 -0.500375 -0.0755618
-0.432667 -0.497898 -0.0652307
-0.439998 -0.513468 -0.0734701
-0.447153 -0.51101 -0.0638562
-0.453786 -0.527863 -0.0740776
-0.460069 -0.525513 -0.0654441
-0.466701 -0.543283 -0.0765816
-0.47281 -0.541095 -0.0682856
-0.481536 -0.559821 -0.0782843
-0.487296 -0.557773 -0.0704769
-0.492881 -0.577396 -0.0845152
-0.498466 -0.575625 -0.0771592
-0.504051 -0.573668 -0.0696168
-0.509811 -0.594556 -0.0847449
-0.515745 -0.592889 -0.0771438
-0.521679 -0.614499 -0.0928205
-0.527788 -0.613122 -0.0853347
-0.537561 -0.635357 -0.0977956
-0.544019 -0.634189 -0.0901699
-0.550302 -0.656748 -0.106446
-0.557109 -0.655852 -0.0987428
-0.564439 -0.6548 -0.0903605
-0.571421 -0.678101 -0.10668
-0.578053 -0.677296 -0.0992434
-0.584685 -0.70061 -0.115925
-0.594634 -0.700068 -0.105434
-0.600917 -0.723074 -0.122157
-0.608247 -0.722774 -0.114527
-0.617672 -0.745397 -0.127724
-0.630064 -0.745237 -0.115173
-0.642979 -0.744772 -0.101792
-0.653626 -0.767205 -0.11358
-0.66148 -0.766766 -0.105286
-0.667239 -0.788733 -0.121494
-0.672824 -0.788514 -0.11569
-0.676664 -0.810259 -0.133595
-0.681551 -0.810373 -0.128822
-0.687311 -0.831971 -0.14466
-0.694117 -0.832359 -0.138242
-0.701971 -0.832596 -0.130625
-0.710524 -0.854336 -0.143813
-0.718901 -0.854705 -0.135804
-0.730071 -0.87618 -0.146109
-0.737053 -0.876601 -0.139549
-0.743685 -0.897864 -0.154179
-0.750492 -0.898486 -0.147995
-0.757473 -0.898952 -0.141479
-0.764629 -0.920572 -0.155944
-0.771785 -0.921193 -0.149409
-0.779464 -0.942832 -0.163368
-0.787842 -0.943625 -0.155784
-0.801281 -0.965353 -0.164072
-0.810182 -0.966132 -0.15595
-0.818385 -0.966704 -0.148319
-0.826239 -0.988698 -0.162459
-0.833744 -0.989382 -0.155638
-0.841598 -1.01156 -0.169962
-0.849452 -1.01242 -0.162969
-0.857655 -1.0131 -0.155442
-0.870221 -1.03582 -0.165601
-0.878075 -1.03651 -0.158436
-0.885929 -1.05936 -0.173432
-0.893958 -1.06019 -0.166236
-0.901986 -1.08332 -0.181332
-0.90984 -1.08429 -0.174449
-0.917694 -1.08509 -0.1674
-0.925548 -1.10863 -0.183085
-0.933926 -1.10962 -0.175694
-0.946841 -1.1331 -0.186261
-0.955044 -1.13412 -0.179078
-0.962898 -1.13495 -0.172048
-0.970403 -1.15852 -0.188119
-0.977384 -1.1595 -0.18212
-0.98454 -1.18276 -0.198224
-0.991871 -1.18396 -0.192088
-0.999725 -1.18501 -0.185289
-1.01194 -1.20797 -0.196032
-1.02014 -1.20906 -0.188917
-1.02852 -1.23123 -0.202707
-1.03707 -1.23245 -0.195375
-1.04528 -1.23348 -0.188201
-1.05331 -1.25519 -0.201883
-1.06116 -1.25631 -0.195152
-1.06884 -1.27735 -0.208512
-1.07669 -1.27862 -0.201928
-1.08856 -1.29901 -0.210446
-1.09642 -1.30028 -0.203862
-1.10462 -1.30136 -0.196744
-1.11282 -1.3209 -0.208078
-1.12085 -1.32205 -0.2012
-1.12888 -1.34026 -0.21138
-1.13656 -1.34147 -0.204913
-1.14424 -1.34253 -0.198292
-1.15593 -1.35961 -0.203677
-1.16413 -1.36062 -0.196489
-1.17234 -1.37621 -0.203875
-1.18054 -1.37723 -0.196688
-1.18857 -1.37808 -0.189512
-1.19642 -1.39232 -0.195893
-1.20428 -1.39313 -0.188851
-1.21213 -1.40589 -0.19376
-1.22016 -1.40669 -0.186533
-1.23255 -1.40731 -0.174761
-1.24093 -1.41878 -0.177854
-1.24948 -1.41921 -0.169733
-1.25786 -1.42959 -0.171732
-1.26606 -1.4299 -0.163839
-1.27392 -1.43921 -0.165292
-1.28177 -1.43939 -0.157621
-1.2891 -1.4394 -0.150298
-1.30027 -1.44797 -0.147695
-1.30778 -1.44777 -0.139994
-1.31563 -1.45584 -0.140209
-1.32366 -1.45549 -0.131829
-1.33151 -1.46314 -0.13163
-1.33971 -1.46262 -0.122908
-1.34809 -1.46191 -0.113822
-1.35595 -1.46906 -0.113113
-1.36397 -1.46813 -0.104157
-1.37602 -1.4746 -0.0985862
-1.38387 -1.47338 -0.0895043
-1.3912 -1.47914 -0.087937
-1.39871 -1.47776 -0.0790579
-1.40639 -1.48297 -0.0765823
-1.41476 -1.48136 -0.0666007
-1.42279 -1.48599 -0.0631933
-1.4303 -1.48407 -0.0537764
-1.44059 -1.48198 -0.0413862
-1.44688 -1.48602 -0.0391374
-1.45299 -1.48365 -0.0306602
-1.4591 -1.48736 -0.0282678
-1.46468 -1.48483 -0.0201513
-1.46939 -1.48846 -0.0190678
-1.47271 -1.48577 -0.0130629
-1.47498 -1.48935 -0.0143757
-1.47672 -1.48668 -0.00995854
-1.47882 -1.49013 -0.0113129
-1.48039 -1.48751 -0.00712253
-1.48161 -1.49043 -0.00882192
-1.48248 -1.48786 -0.0053814
-1.48318 -1.4903 -0.0071208
-1.48388 -1.48785 -0.00397321
-1.48405 -1.48962 -0.00556251
-1.4844 -1.48728 -0.0028728
-1.4844 -1.48812 -0.00371553
-1.4844 -1.48586 -0.00145613
-1.48458 -1.48579 -0.001212
-1.48475 -1.48361 0.00114104
-1.48475 -1.48256 0.00218993
-1.4851 -1.48049 0.0046146
-1.48545 -1.47825 0.00719719
-1.48562 -1.47616 0.00946808
-1.48562 -1.47273 0.0128987
-1.48475 -1.47063 0.0141211
-1.48388 -1.46608 0.0178023
-1.48318 -1.46047 0.0227132
-1.48248 -1.45835 0.0241373
-1.48161 -1.45171 0.0298985
-1.48021 -1.44959 0.0306266
-1.47864 -1.44748 0.0311648
-1.47672 -1.43977 0.0369521
-1.47376 -1.43134 0.0424139
-1.47166 -1.42911 0.0425519
-1.46922 -1.41998 0.0492385
-1.46695 -1.41773 0.0492188
-1.4652 -1.40818 0.0570253
-1.46363 -1.40587 0.0577627
-1.46171 -1.3962 0.0655109
-1.4591 -1.39374 0.0653548
-1.4556 -1.39138 0.0642227
-1.44985 -1.38167 0.0681726
-1.44478 -1.37944 0.0653466
-1.4392 -1.37003 0.0691641
-1.43309 -1.36779 0.0652992
-1.42716 -1.3589 0.0682539
-1.42192 -1.35682 0.0650958
-1.41721 -1.34851 0.0686987
-1.41267 -1.34655 0.0661199
-1.40482 -1.33862 0.0662
-1.39906 -1.33678 0.0622771
-1.39312 -1.32921 0.0639144
-1.38701 -1.32751 0.0595075
-1.38143 -1.32026 0.0611692
-1.37654 -1.31872 0.05782
-1.37165 -1.31189 0.0597657
-1.36677 -1.31044 0.0563285
-1.36171 -1.30424 0.0574686
-1.35333 -1.3029 0.0504319
-1.34792 -1.29744 0.0504737
-1.34251 -1.29634 0.0461642
-1.3371 -1.29159 0.0455094
-1.33186 -1.29063 0.0412282
-1.32715 -1.28661 0.040542
-1.32261 -1.2858 0.0368105
-1.31825 -1.28249 0.035756
-1.31196 -1.28184 0.030126
-1.30795 -1.27912 0.0288309
-1.30376 -1.27866 0.0251003
-1.29992 -1.27614 0.0237831
-1.29626 -1.27584 0.0204202
-1.29311 -1.27348 0.0196384
-1.29015 -1.2733 0.0168499
-1.28753 -1.27106 0.0164658
-1.28526 -1.27097 0.0142863
-1.28247 -1.26885 0.0136194
-1.28055 -1.26884 0.0117106
-1.27898 -1.26682 0.0121574
-1.27758 -1.26508 0.012502
-1.27584 -1.26509 0.010748
-1.27426 -1.26398 0.0102868
-1.27287 -1.26403 0.00884061
-1.2713 -1.26359 0.00771156
-1.26955 -1.26368 0.0058686
-1.26816 -1.264 0.00415544
-1.26659 -1.26417 0.00241571
-1.26501 -1.26538 -0.00036225
-1.26327 -1.26564 -0.00236697
-1.26187 -1.26778 -0.00590297
-1.26048 -1.26815 -0.00767025
-1.25908 -1.27119 -0.0121109
-1.25856 -1.27169 -0.0131367
-1.25803 -1.27553 -0.0175012
-1.25803 -1.27613 -0.0180993
-1.25803 -1.28072 -0.0226883
-1.25768 -1.2814 -0.0237198
-1.25768 -1.28672 -0.0290407
-1.25786 -1.28753 -0.0296664
-1.25838 -1.29351 -0.0351259
-1.25943 -1.3 -0.0405679
-1.26205 -1.30102 -0.0389731
-1.26414 -1.30779 -0.0436522
-1.26624 -1.30882 -0.0425884
-1.26833 -1.3153 -0.046974
-1.27043 -1.31636 -0.0459367
-1.27269 -1.32248 -0.0497827
-1.27514 -1.32358 -0.0484402
-1.27776 -1.32925 -0.0514929
-1.28037 -1.33035 -0.0499807
-1.28491 -1.33532 -0.0504129
-1.28823 -1.33636 -0.0481339
-1.29137 -1.34051 -0.0491418
-1.29469 -1.34148 -0.046799
-1.29818 -1.34483 -0.0466579
-1.30184 -1.34572 -0.0438821
-1.30586 -1.34824 -0.0423812
-1.3097 -1.34899 -0.0392945
-1.31545 -1.35063 -0.03518
-1.31912 -1.35118 -0.0320608
-1.32244 -1.35204 -0.0295995
-1.32558 -1.35243 -0.026848
-1.3282 -1.35287 -0.0246725
-1.33081 -1.35312 -0.0223025
-1.33343 -1.35321 -0.0197736
-1.3357 -1.35332 -0.0176199
-1.33779 -1.35306 -0.0152644
-1.34111 -1.35305 -0.0119422
-1.34286 -1.35243 -0.0095748
-1.34425 -1.35228 -0.00802743
-1.3453 -1.35135 -0.00605366
-1.346 -1.35112 -0.00512199
-1.34652 -1.34977 -0.00324517
-1.34705 -1.34948 -0.00243048
-1.34722 -1.34738 -0.000155911
-1.34722 -1.34703 0.000188178
-1.34687 -1.34415 0.00272011
-1.34652 -1.34377 0.00275389
-1.346 -1.34011 0.00588596
-1.34565 -1.33574 0.00990781
-1.34513 -1.33524 0.00988313
-1.3446 -1.33008 0.0145172
-1.3439 -1.3295 0.0144067
-1.34321 -1.32362 0.0195814
-1.34233 -1.32293 0.0193981
-1.34129 -1.31657 0.0247138
-1.34006 -1.31582 0.0242457
-1.33867 -1.309 0.0296714
-1.3371 -1.30815 0.0289433
-1.3357 -1.30112 0.0345773
-1.33396 -1.30019 0.0337697
-1.33186 -1.29355 0.0383144
-1.32837 -1.29254 0.0358329
-1.32558 -1.28644 0.0391423
-1.32261 -1.28546 0.0371485
-1.31947 -1.27998 0.0394904
-1.31615 -1.27904 0.0371156
-1.31266 -1.27436 0.0383036
-1.30882 -1.27347 0.0353563
-1.30516 -1.26962 0.0355355
-1.30132 -1.26883 0.0324914
-1.29556 -1.26589 0.0296663
-1.29207 -1.26527 0.0267948
-1.28858 -1.26346 0.0251163
-1.28474 -1.26295 0.0217822
-1.28107 -1.26225 0.0188171
-1.27758 -1.26258 0.0149973
-1.27444 -1.26234 0.0121015
-1.27147 -1.26371 0.00776633
-1.26903 -1.26364 0.0053897
-1.26554 -1.26604 -0.000501803
-1.26344 -1.26618 -0.00273324
-1.26152 -1.26949 -0.0079703
-1.25978 -1.26981 -0.0100307
-1.25821 -1.27363 -0.0154229
-1.25699 -1.27412 -0.0171358
-1.25646 -1.2784 -0.0219412
-1.25629 -1.27904 -0.0227479
-1.25646 -1.28377 -0.0273066
-1.25699 -1.28449 -0.0275084
-1.25734 -1.28975 -0.0324135
-1.25786 -1.29056 -0.032699
-1.25838 -1.29634 -0.037954
-1.25908 -1.29722 -0.0381419
-1.26013 -1.30348 -0.0433552
-1.26135 -1.30447 -0.0431244
-1.26292 -1.31105 -0.0481347
-1.26624 -1.31212 -0.0458846
-1.26885 -1.31888 -0.0500276
-1.27182 -1.31991 -0.0480933
-1.27479 -1.32667 -0.0518836
-1.27758 -1.3277 -0.050121
-1.28055 -1.33396 -0.0534127
-1.28369 -1.335 -0.0513079
-1.28683 -1.34066 -0.0538283
-1.29242 -1.34166 -0.0492398
-1.29661 -1.34659 -0.0499829
-1.30062 -1.34747 -0.0468511
-1.30463 -1.35152 -0.0468902
-1.3083 -1.3523 -0.0439991
-1.31179 -1.35542 -0.0436298
-1.31528 -1.35609 -0.0408079
-1.3186 -1.35834 -0.0397439
-1.32226 -1.3589 -0.0366336
-1.3275 -1.3603 -0.0328058
-1.33081 -1.36067 -0.0298568
-1.33378 -1.36117 -0.0273923
-1.33605 -1.36104 -0.0249928
-1.33797 -1.36122 -0.0232478
-1.33971 -1.36082 -0.0211045
-1.34163 -1.36089 -0.0192521
-1.34355 -1.36028 -0.016724
-1.3467 -1.36023 -0.0135316
-1.34879 -1.35934 -0.0105462
-1.35054 -1.35913 -0.00859053
-1.35211 -1.35792 -0.00580903
-1.35298 -1.35759 -0.0046148
-1.35368 -1.35609 -0.00241269
-1.35403 -1.3557 -0.00166925
-1.35438 -1.35382 0.000551257
-1.35472 -1.35337 0.0013505
-1.3556 -1.35085 0.00474349
-1.35612 -1.35034 0.00578524
-1.35612 -1.34711 0.00901247
-1.35595 -1.34652 0.00942448
-1.35525 -1.34263 0.0126186
-1.35438 -1.34198 0.0123916
-1.35333 -1.33749 0.0158363
-1.35246 -1.33682 0.0156388
-1.35088 -1.33173 0.0191573
-1.35001 -1.33102 0.0189925
-1.34862 -1.32544 0.0231776
-1.34705 -1.31974 0.0273015
-1.34495 -1.31889 0.0260631
-1.34286 -1.31307 0.0297817
-1.34059 -1.3122 0.0283918
-1.33814 -1.30646 0.0316864
-1.33588 -1.30555 0.0303207
-1.33256 -1.30054 0.032018
-1.33012 -1.29967 0.0304458
-1.32732 -1.29556 0.0317625
-1.32436 -1.29472 0.0296367
-1.32087 -1.29152 0.0293445
-1.3172 -1.29076 0.0264386
-1.31371 -1.2886 0.0251072
-1.31039 -1.28797 0.0224226
-1.3062 -1.28686 0.0193483
-1.30394 -1.28638 0.017559
-1.30149 -1.2864 0.0150943
-1.29922 -1.28603 0.0131917
-1.29678 -1.28735 0.00942725
-1.29381 -1.28712 0.00668824
-1.29102 -1.28982 0.00119967
-1.28858 -1.28979 -0.00121382
-1.28631 -1.29383 -0.00752298
-1.28369 -1.29401 -0.0103181
-1.28247 -1.29922 -0.0167473
-1.2816 -1.29961 -0.0180122
-1.28107 -1.30589 -0.024818
-1.2802 -1.31295 -0.0327559
-1.27968 -1.31369 -0.0340163
-1.27968 -1.32134 -0.0416676
-1.27985 -1.32227 -0.0424181
-1.28125 -1.33042 -0.0491744
-1.28264 -1.33148 -0.0488343
-1.28456 -1.34002 -0.0554583
-1.28735 -1.34118 -0.0538288
-1.29015 -1.35005 -0.0599027
-1.29311 -1.35124 -0.0581241
-1.29608 -1.36036 -0.064283
-1.2994 -1.36161 -0.0622129
-1.30306 -1.37108 -0.0680142
-1.30935 -1.37237 -0.0630206
-1.31371 -1.38238 -0.0686663
-1.31807 -1.3836 -0.0655243
-1.32261 -1.39419 -0.0715746
-1.32697 -1.39537 -0.0684005
-1.33116 -1.40645 -0.0752863
-1.33535 -1.40769 -0.0723339
-1.33954 -1.40882 -0.069275
-1.346 -1.42027 -0.0742716
-1.35054 -1.42139 -0.0708585
-1.3556 -1.43295 -0.0773487
-1.36048 -1.43409 -0.073608
-1.36572 -1.44564 -0.0799234
-1.37078 -1.44678 -0.0759969
-1.37567 -1.45782 -0.0821544
-1.38056 -1.45899 -0.0784305
-1.38562 -1.46947 -0.0838553
-1.39347 -1.47066 -0.0771927
-1.39888 -1.48043 -0.0815517
-1.40429 -1.48152 -0.0772265
-1.40988 -1.49037 -0.080495
-1.41546 -1.49138 -0.0759222
-1.42105 -1.49923 -0.0781847
-1.42663 -1.50017 -0.0735389
-1.43239 -1.50697 -0.0745831
-1.44112 -1.50783 -0.0667153
-1.44705 -1.50846 -0.0614043
-1.45299 -1.51402 -0.061029
-1.45857 -1.51449 -0.0559219
-1.46416 -1.5188 -0.0546432
-1.46922 -1.51912 -0.0499046
-1.47428 -1.52217 -0.0478879
-1.47864 -1.52234 -0.043694
-1.48266 -1.5241 -0.0414407
-1.48877 -1.52412 -0.0353585
-1.49261 -1.52455 -0.0319486
-1.4961 -1.52436 -0.0282681
-1.49941 -1.52353 -0.0241128
-1.5022 -1.52317 -0.0209667
-1.50465 -1.52112 -0.0164698
-1.50674 -1.5206 -0.0138573
-1.50849 -1.51735 -0.00886362
-1.51058 -1.51668 -0.00609418
-1.51198 -1.51225 -0.000270285
-1.51303 -1.5114 0.00162508
-1.5139 -1.50596 0.00793776
-1.51425 -1.50496 0.00929024
-1.5146 -1.49854 0.0160522
-1.5146 -1.4974 0.0171963
-1.51425 -1.49005 0.0242006
-1.51372 -1.48876 0.0249613
-1.51198 -1.48073 0.0312516
-1.51041 -1.47935 0.0310617
-1.50884 -1.47076 0.038074
-1.50674 -1.4693 0.0374466
-1.5043 -1.46025 0.044046
-1.50168 -1.45873 0.0429557
-1.49871 -1.44967 0.0490399
-1.49557 -1.44811 0.0474603
-1.49051 -1.43922 0.0512946
-1.48667 -1.43766 0.0490109
-1.48318 -1.429 0.0541796
-1.47917 -1.42744 0.0517259
-1.4748 -1.41911 0.055692
-1.47044 -1.41759 0.0528458
-1.46573 -1.40971 0.0560222
-1.46067 -1.40825 0.0524155
-1.45543 -1.40071 0.0547151
-1.44793 -1.39935 0.0485757
-1.44269 -1.39186 0.0508319
-1.43745 -1.39066 0.0467882
-1.43222 -1.38306 0.0491542
-1.42716 -1.38196 0.045196
-1.42209 -1.37423 0.04786
-1.41738 -1.37323 0.044154
-1.41249 -1.36528 0.0472178
-1.40551 -1.36434 0.0411756
-1.40098 -1.35617 0.0448053
-1.39661 -1.35535 0.0412629
-1.3926 -1.34691 0.0456921
-1.38858 -1.3461 0.0424844
-1.38457 -1.33743 0.0471416
-1.38056 -1.33663 0.0439297
-1.37637 -1.32774 0.0486276
-1.372 -1.32694 0.0450603
-1.3652 -1.31794 0.0472563
-1.36066 -1.31722 0.0434398
-1.35595 -1.3086 0.04735
-1.35176 -1.3079 0.0438617
-1.34722 -1.29971 0.0475098
-1.34286 -1.29902 0.0438384
-1.33832 -1.29129 0.0470297
-1.33413 -1.29063 0.0434982
-1.32977 -1.28339 0.0463751
-1.32296 -1.28277 0.0401917
-1.31842 -1.27609 0.0423358
-1.31371 -1.27558 0.0381244
-1.30952 -1.26939 0.0401305
-1.30516 -1.26896 0.0362004
-1.30114 -1.26302 0.0381259
-1.2973 -1.26265 0.034656
-1.29346 -1.2569 0.0365609
-1.28788 -1.25658 0.0313007
-1.28421 -1.25113 0.0330824
-1.28055 -1.25091 0.0296383
-1.27653 -1.24599 0.0305449
-1.27304 -1.24583 0.0272117
-1.2692 -1.24153 0.0276741
-1.26589 -1.24144 0.0244498
-1.26257 -1.23774 0.0248275
-1.25926 -1.23771 0.0215405
-1.25472 -1.23457 0.0201451
-1.25158 -1.23465 0.0169213
-1.24878 -1.23209 0.0166907
-1.24634 -1.23225 0.0140912
-1.24407 -1.23016 0.0139126
-1.2418 -1.22824 0.0135608
-1.23971 -1.22845 0.0112571
-1.23779 -1.22662 0.0111672
-1.23517 -1.22689 0.00828423
-1.23308 -1.2252 0.00787889
-1.23098 -1.22553 0.00545291
-1.22906 -1.22421 0.00485089
-1.22749 -1.22459 0.0028986
-1.22609 -1.2237 0.0023915
-1.22522 -1.22413 0.00109221
-1.2247 -1.22364 0.00105305
-1.22417 -1.22407 0.000101154
-1.22313 -1.22395 -0.000819472
-1.22225 -1.22438 -0.00212978
-1.22121 -1.22463 -0.00342595
-1.21999 -1.22511 -0.00511996
-1.21859 -1.2257 -0.00711449
-1.21737 -1.22624 -0.00887405
-1.21649 -1.22692 -0.0104285
-1.21562 -1.22756 -0.0119338
-1.2151 -1.22819 -0.0130933
-1.21492 -1.22883 -0.0139066
-1.21492 -1.22947 -0.0145446
-1.21527 -1.23032 -0.015051
-1.21562 -1.23096 -0.0153393
-1.21649 -1.23209 -0.0155958
-1.21737 -1.2327 -0.0153331
-1.21841 -1.2341 -0.0156828
-1.21946 -1.23466 -0.0152018
-1.22051 -1.23636 -0.015852
-1.22103 -1.23689 -0.0158553
-1.22156 -1.2389 -0.0173436
-1.22173 -1.23943 -0.0177041
-1.22225 -1.24175 -0.019497
-1.22295 -1.24231 -0.0193584
-1.22382 -1.24469 -0.0208644
-1.22487 -1.24525 -0.0203778
-1.22662 -1.24759 -0.0209731
-1.22766 -1.24813 -0.0204636
-1.22889 -1.25043 -0.0215444
-1.22976 -1.25095 -0.021192
-1.23063 -1.2534 -0.0227648
-1.2315 -1.25391 -0.0224087
-1.2322 -1.25659 -0.0243862
-1.23308 -1.25955 -0.0264795
-1.23412 -1.26012 -0.0260017
-1.23569 -1.264 -0.0283048
-1.23674 -1.26455 -0.02781
-1.23779 -1.2695 -0.0317154
-1.23918 -1.27009 -0.0309112
-1.24058 -1.2762 -0.03562
-1.24233 -1.27685 -0.0345211
-1.24407 -1.28441 -0.0403378
-1.24617 -1.2851 -0.038938
-1.24931 -1.29424 -0.0449321
-1.25123 -1.29498 -0.043749
-1.25297 -1.30569 -0.0527152
-1.25507 -1.30655 -0.0514799
-1.25734 -1.31901 -0.061679
-1.25978 -1.32002 -0.0602368
-1.26275 -1.33429 -0.0715481
-1.26606 -1.33548 -0.0694228
-1.26973 -1.35158 -0.081849
-1.27549 -1.35293 -0.0774404
-1.27933 -1.37084 -0.0915123
-1.28369 -1.37229 -0.0885969
-1.2884 -1.39208 -0.103674
-1.29311 -1.3937 -0.100585
-1.29835 -1.39522 -0.0968714
-1.30394 -1.41713 -0.113198
-1.31004 -1.41883 -0.108786
-1.31947 -1.44213 -0.122658
-1.32628 -1.44396 -0.117682
-1.33343 -1.46833 -0.134894
-1.34024 -1.47032 -0.130081
-1.34739 -1.49581 -0.148419
-1.35438 -1.49799 -0.143613
-1.36188 -1.52444 -0.162556
-1.36991 -1.52685 -0.156942
-1.37794 -1.55409 -0.176152
-1.38928 -1.55667 -0.167391
-1.39626 -1.55897 -0.162711
-1.40324 -1.58734 -0.184092
-1.41023 -1.58988 -0.179657
-1.41756 -1.61897 -0.201415
-1.42471 -1.62177 -0.197055
-1.43222 -1.65149 -0.219271
-1.44042 -1.65443 -0.21401
-1.45368 -1.65724 -0.203555
-1.46293 -1.6878 -0.224865
-1.47184 -1.69067 -0.218836
-1.48021 -1.72169 -0.241477
-1.48842 -1.72477 -0.23635
-1.49627 -1.72761 -0.231342
-1.50378 -1.75934 -0.255567
-1.51128 -1.76247 -0.251191
-1.51896 -1.79465 -0.275689
-1.53013 -1.79815 -0.268022
-1.53711 -1.80128 -0.264169
-1.54374 -1.83375 -0.290011
-1.54985 -1.83711 -0.287254
-1.55631 -1.86975 -0.313437
-1.56294 -1.87349 -0.310545
-1.56975 -1.87707 -0.30732
-1.57725 -1.90989 -0.33264
-1.5893 -1.91364 -0.324345
-1.5975 -1.91718 -0.319677
-1.6057 -1.94976 -0.344058
-1.61408 -1.95343 -0.339354
-1.62246 -1.957 -0.334537
-1.63014 -1.98888 -0.358743
-1.63747 -1.99252 -0.355052
-1.64515 -1.99605 -0.350901
-1.65318 -2.02753 -0.37435
-1.66522 -2.03134 -0.366124
-1.67325 -2.03489 -0.361639
-1.6811 -2.06574 -0.384636
-1.68913 -2.06932 -0.380195
-1.69716 -2.07284 -0.375685
-1.70501 -2.10321 -0.398195
-1.71269 -2.10691 -0.394215
-1.72055 -2.11047 -0.389923
-1.73189 -2.14036 -0.408472
-1.73957 -2.14398 -0.404415
-1.74742 -2.14747 -0.400049
-1.75563 -2.15075 -0.395125
-1.76383 -2.18026 -0.416428
-1.77221 -2.18373 -0.411526
-1.78076 -2.18706 -0.406305
-1.78914 -2.21583 -0.426689
-1.79717 -2.21924 -0.42207
-1.80903 -2.22253 -0.413501
-1.81671 -2.22552 -0.408809
-1.82422 -2.25385 -0.429629
-1.8319 -2.25712 -0.425224
-1.83958 -2.2602 -0.420619
-1.84743 -2.28793 -0.440501
-1.85528 -2.29118 -0.4359
-1.86366 -2.29436 -0.430693
-1.87605 -2.2973 -0.421242
-1.88391 -2.32488 -0.440972
-1.89141 -2.32794 -0.436526
-1.89839 -2.33092 -0.432526
-1.90485 -2.35794 -0.453086
-1.91183 -2.36087 -0.449032
-1.91969 -2.36382 -0.444132
-1.92789 -2.36658 -0.438692
-1.93609 -2.39353 -0.457432
-1.94883 -2.39648 -0.447643
-1.95739 -2.39919 -0.4418
-1.96594 -2.42564 -0.459702
-1.97432 -2.42846 -0.454143
-1.98234 -2.43119 -0.448843
-1.99037 -2.43375 -0.443375
-1.99823 -2.46005 -0.461819
-2.00608 -2.46269 -0.456611
-2.01743 -2.46528 -0.44785
-2.02528 -2.46761 -0.44233
-2.03313 -2.49353 -0.460401
-2.04099 -2.49603 -0.455043
-2.04884 -2.49846 -0.449621
-2.05705 -2.50066 -0.44362
-2.0656 -2.52624 -0.460645
-2.0738 -2.52862 -0.454821
-2.08218 -2.53087 -0.448696
-2.09457 -2.55586 -0.461293
-2.10277 -2.55814 -0.455366
-2.11063 -2.56027 -0.449646
-2.11831 -2.56227 -0.443966
-2.12599 -2.58695 -0.460964
-2.13419 -2.58905 -0.454859
-2.14204 -2.59107 -0.449028
-2.15007 -2.59292 -0.442845
-2.15862 -2.61743 -0.458803
-2.17136 -2.61944 -0.448079
-2.18009 -2.62132 -0.441233
-2.18899 -2.62302 -0.434023
-2.19719 -2.64736 -0.450168
-2.20505 -2.64913 -0.44408
-2.21273 -2.6508 -0.438075
-2.22058 -2.67497 -0.454384
-2.22861 -2.67675 -0.448141
-2.24118 -2.67844 -0.437264
-2.2499 -2.6799 -0.43
-2.25898 -2.70419 -0.445212
-2.26753 -2.70575 -0.438214
-2.27591 -2.70717 -0.431261
-2.28429 -2.70845 -0.424162
-2.29249 -2.73296 -0.440467
-2.30052 -2.73437 -0.433849
-2.30872 -2.73567 -0.426946
-2.32129 -2.73681 -0.415527
-2.32879 -2.76159 -0.432794
-2.33647 -2.76276 -0.426288
-2.34485 -2.76386 -0.419006
-2.35358 -2.78886 -0.435284
-2.36248 -2.79007 -0.427592
-2.37173 -2.79115 -0.419418
-2.38133 -2.79206 -0.410733
-2.39581 -2.8176 -0.42179
-2.40576 -2.81861 -0.412845
-2.41554 -2.81946 -0.403928
-2.42391 -2.82012 -0.396206
-2.43072 -2.84619 -0.415474
-2.43718 -2.847 -0.409823
-2.44416 -2.84773 -0.403568
-2.45149 -2.87436 -0.422874
-2.45952 -2.87526 -0.415743
-2.47243 -2.87605 -0.403614
-2.48151 -2.87661 -0.395104
-2.49076 -2.90393 -0.413175
-2.49966 -2.90466 -0.405001
-2.50769 -2.90523 -0.397546
-2.51554 -2.90566 -0.390119
-2.52322 -2.93349 -0.410266
-2.53055 -2.93411 -0.403555
-2.54207 -2.93464 -0.392572
-2.5501 -2.96261 -0.412512
-2.55778 -2.96326 -0.405478
-2.56581 -2.96379 -0.397977
-2.57384 -2.96418 -0.390345
-2.58204 -2.99262 -0.410577
-2.59059 -2.99322 -0.402632
-2.59932 -2.9937 -0.394383
-2.60839 -2.99402 -0.385627
-2.62183 -3.0227 -0.400868
-2.63056 -3.02312 -0.392563
-2.63946 -3.02342 -0.38396
-2.64854 -3.05188 -0.403341
-2.65709 -3.05234 -0.395251
-2.66529 -3.05267 -0.387381
-2.67367 -3.05287 -0.3792
-2.68205 -3.08148 -0.39943
-2.69496 -3.08188 -0.386916
-2.70352 -3.08208 -0.378562
-2.71189 -3.11048 -0.398591
-2.71975 -3.11086 -0.391115
-2.72725 -3.11112 -0.383869
-2.73493 -3.11126 -0.376331
-2.74261 -3.13986 -0.397254
-2.75046 -3.14023 -0.389769
-2.75867 -3.14047 -0.381806
-2.77123 -3.16891 -0.397674
-2.77961 -3.16927 -0.38966
-2.78834 -3.16951 -0.38117
-2.79689 -3.16961 -0.372718
-2.80562 -3.19764 -0.392018
-2.81382 -3.19792 -0.384102
-2.82202 -3.19808 -0.376058
-2.83023 -3.19811 -0.367886
-2.84262 -3.22558 -0.382966
-2.85082 -3.22574 -0.37492
-2.85937 -3.22577 -0.366396
-2.86775 -3.25229 -0.384539
-2.87648 -3.25249 -0.376013
-2.88503 -3.25255 -0.367524
-2.89376 -3.27806 -0.384304
-2.90231 -3.27828 -0.375972
-2.91086 -3.27837 -0.367505
-2.92378 -3.27831 -0.354538
-2.93215 -3.30296 -0.370811
-2.94071 -3.30299 -0.362286
-2.94943 -3.30288 -0.35345
-2.95816 -3.32647 -0.368307
-2.96706 -3.32648 -0.359421
-2.97596 -3.32635 -0.350391
-2.98504 -3.34898 -0.363943
-2.99848 -3.34895 -0.350478
-3.0072 -3.34871 -0.341508
-3.0161 -3.34832 -0.332219
-3.02483 -3.37021 -0.345381
-3.03286 -3.36991 -0.337051
-3.04089 -3.36948 -0.328596
-3.04892 -3.39048 -0.341566
-3.05712 -3.39016 -0.333045
-3.06532 -3.3897 -0.324379
-3.07824 -3.4097 -0.331465
-3.08661 -3.40925 -0.322637
-3.09482 -3.40866 -0.313837
-3.10302 -3.42754 -0.324517
-3.11122 -3.42703 -0.315808
-3.11821 -3.42638 -0.308177
-3.12466 -3.44413 -0.319472
-3.13164 -3.44359 -0.311942
3.14002 -3.44291 -6.58293
3.13164 -3.45874 -6.59039
3.12292 -3.45808 -6.581
3.11384 -3.45782 -6.57166
3.10494 -3.45817 -6.56311
3.09621 -3.45835 -6.55456
3.08819 -3.45795 -6.54614
3.08155 -3.45728 -6.53883
3.07614 -3.45693 -6.53307
3.06899 -3.45688 -6.52586
3.06427 -3.4566 -6.52088
3.06026 -3.45616 -6.51642
3.05677 -3.45579 -6.51256
3.05433 -3.45562 -6.50995
3.05293 -3.45539 -6.50832
3.05084 2.81369 -0.237142
3.04822 2.8139 -0.234322
3.04385 2.8141 -0.229751
3.03967 2.81581 -0.223858
3.03373 2.81803 -0.215703
3.02553 2.80779 -0.217738
3.01541 2.80958 -0.205822
3.00336 2.81174 -0.191626
2.98992 2.80489 -0.185032
2.97369 2.80737 -0.16632
2.95222 2.81016 -0.14206
2.91575 2.80674 -0.109003
2.89463 2.81025 -0.0843753
2.87648 2.81411 -0.0623708
2.8592 2.81435 -0.0448467
2.84087 2.81862 -0.0222485
2.82429 2.82406 -0.00023029
2.8112 2.83023 0.0190277
2.80108 2.83778 0.0367
2.78764 2.84634 0.0587023
2.78136 2.85327 0.0719159
2.77787 2.86426 0.0863904
2.77455 2.87155 0.0970018
2.76914 2.88434 0.115203
2.76373 2.8911 0.127372
2.76059 2.89861 0.138019
2.76024 2.91519 0.154953
2.76198 2.92389 0.161911
2.76408 2.94272 0.178641
2.76513 2.95084 0.185719
2.76565 -3.31285 -6.0785
2.766 -3.30579 -6.07179
2.76635 -3.29845 -6.0648
2.76722 -3.27651 -6.04373
2.76827 -3.26855 -6.03682
2.76914 -3.26064 -6.02978
2.77141 -3.23677 -6.00818
2.77158 -3.23158 -6.00316
2.77158 -3.23221 -6.00379
2.77228 -3.23562 -6.0079
2.77263 -3.2361 -6.00873
2.7728 -3.2337 -6.00651
2.77507 -3.23135 -6.00643
2.77909 -3.23131 -6.01039
2.78293 -3.23164 -6.01456
2.78939 -3.23154 -6.02093
2.79514 -3.23108 -6.02623
3.01628 -3.23002 -6.2463
3.01628 -3.23002 -6.2463
3.01628 -3.23002 -6.2463
3.01628 -3.23002 -6.2463
3.01628 -3.23002 -6.2463
3.01628 -3.23002 -6.2463
3.01628 -3.23002 -6.2463
3.01628 -3.23002 -6.2463
3.01628 -3.23002 -6.2463
3.01628 -3.23002 -6.2463
3.01628 -3.23002 -6.2463
3.01628 -3.23002 -6.2463
3.01628 -3.23002 -6.2463
3.01628 -3.23002 -6.2463
3.01628 -3.23002 -6.2463
3.01645 -3.23002 -6.24647
3.01645 -3.23002 -6.24647
3.01645 -3.23002 -6.24647
3.01645 -3.23 -6.24645
3.01645 -3.22994 -6.2464
3.01645 -3.22996 -6.24642
3.01663 -3.22996 -6.24659
3.01663 -3.22998 -6.24661
3.01663 -3.22996 -6.24659
3.01663 -3.22994 -6.24657
3.01663 -3.22996 -6.24659
3.0168 -3.22996 -6.24676
3.01698 -3.22996 -6.24694
3.01698 -3.22996 -6.24694
3.01698 -3.22998 -6.24696
3.0168 -3.23 -6.2468
3.0168 -3.23 -6.2468
3.0168 -3.23 -6.2468
3.0168 -3.23004 -6.24684
3.0168 -3.23006 -6.24686
3.0168 -3.23006 -6.24686
3.01698 -3.23006 -6.24703
3.01698 -3.23006 -6.24703
3.01698 -3.23006 -6.24703
3.01698 -3.23006 -6.24703
3.01698 -3.23006 -6.24703
3.01698 -3.23006 -6.24703
3.01715 -3.23006 -6.24721
3.01715 -3.23006 -6.24721
3.01715 -3.23006 -6.24721
3.01715 -3.23006 -6.24721
3.01715 -3.23006 -6.24721
3.01715 -3.23006 -6.24721
3.01733 -3.23006 -6.24738
3.01733 -3.23006 -6.24738
3.01733 -3.23007 -6.2474
3.01733 -3.23007 -6.2474
3.01715 -3.23007 -6.24722
3.01715 -3.23007 -6.24722
3.01715 -3.23007 -6.24722
3.01715 -3.23007 -6.24722
3.01715 -3.23007 -6.24722
3.01715 -3.23007 -6.24722
3.01715 -3.23007 -6.24722
3.01715 -3.23007 -6.24722
3.01698 -3.23007 -6.24705
3.01698 -3.23007 -6.24705
3.01698 -3.23007 -6.24705
3.01698 -3.23007 -6.24705
3.01698 -3.23007 -6.24705
3.01715 -3.23007 -6.24722
3.01715 -3.23007 -6.24722
3.01715 -3.23007 -6.24722
3.01715 -3.23007 -6.24722
3.01715 -3.23007 -6.24722
3.01698 -3.23007 -6.24705
3.01715 -3.23007 -6.24722
3.01715 -3.23007 -6.24722
3.01715 -3.23007 -6.24722
3.01715 -3.23007 -6.24722
3.01715 -3.23006 -6.24721
3.01715 -3.23006 -6.24721
3.01733 -3.23006 -6.24738
3.01733 -3.23006 -6.24738
3.01733 -3.23006 -6.24738
3.01733 -3.23006 -6.24738
3.01733 -3.23006 -6.24738
3.01733 -3.23006 -6.24738
3.01733 -3.23006 -6.24738
3.01733 -3.23006 -6.24738
3.01733 -3.23006 -6.24738
3.01733 -3.23006 -6.24738
3.01733 -3.23006 -6.24738
3.01733 -3.23006 -6.24738
3.01733 -3.23006 -6.24738
3.01715 -3.23006 -6.24721
3.01715 -3.23006 -6.24721
3.01715 -3.23006 -6.24721
3.01715 -3.23006 -6.24721
3.01715 -3.23006 -6.24721
3.01715 -3.23006 -6.24721
3.01733 -3.23006 -6.24738
3.01733 -3.23006 -6.24738
3.01715 -3.23006 -6.24721
3.01715 -3.23006 -6.24721
3.01715 -3.23006 -6.24721
3.01715 -3.23006 -6.24721
3.01715 -3.23006 -6.24721
3.01715 -3.23006 -6.24721
3.01715 -3.23006 -6.24721
3.01715 -3.23006 -6.24721
3.01715 -3.23006 -6.24721
3.01715 -3.23006 -6.24721
3.01715 -3.23006 -6.24721
3.01733 -3.23006 -6.24738
3.01733 -3.23006 -6.24738
3.01715 -3.23007 -6.24722
3.01715 -3.23007 -6.24722
3.01715 -3.23007 -6.24722
3.01715 -3.23007 -6.24722
3.01715 -3.23007 -6.24722
3.01715 -3.23007 -6.24722
3.01715 -3.23007 -6.24722
3.01733 -3.23007 -6.2474
3.01733 -3.23007 -6.2474
3.01733 -3.23007 -6.2474
3.01733 -3.23007 -6.2474
3.01715 -3.23007 -6.24722
3.01715 -3.23007 -6.24722
3.01715 -3.23007 -6.24722
3.01715 -3.23007 -6.24722
3.01733 -3.23007 -6.2474
3.01733 -3.23007 -6.2474
3.01733 -3.23007 -6.2474
3.01733 -3.23007 -6.2474
3.0175 -3.23007 -6.24757
3.0175 -3.23007 -6.24757
3.0175 -3.23007 -6.24757
3.0175 -3.23007 -6.24757
3.01767 -3.23007 -6.24775
3.01767 -3.23006 -6.24773
3.01767 -3.23006 -6.24773
3.01767 -3.23006 -6.24773
3.01767 -3.23006 -6.24773
3.01767 -3.23006 -6.24773
3.01785 -3.23006 -6.2479
3.01785 -3.23006 -6.2479
3.01785 -3.23006 -6.2479
3.01767 -3.23006 -6.24773
3.01767 -3.23006 -6.24773
3.01767 -3.23006 -6.24773
3.01767 -3.23006 -6.24773
3.01785 -3.23004 -6.24789
3.01785 -3.23004 -6.24789
3.01785 -3.23004 -6.24789
3.01785 -3.23004 -6.24789
3.01802 -3.23004 -6.24806
3.01802 -3.23004 -6.24806
3.01802 -3.23004 -6.24806
3.01802 -3.23004 -6.24806
3.01802 -3.23004 -6.24806
3.01802 -3.23004 -6.24806
3.01802 -3.23004 -6.24806
3.01802 -3.23004 -6.24806
3.01802 -3.23004 -6.24806
3.01802 -3.23004 -6.24806
3.01785 -3.23004 -6.24789
3.01785 -3.23004 -6.24789
3.01785 -3.23004 -6.24789
3.01785 -3.23004 -6.24789
3.01802 -3.23004 -6.24806
3.01802 -3.23004 -6.24806
3.01802 -3.23004 -6.24806
3.01802 -3.23004 -6.24806
3.0182 -3.23004 -6.24823
3.0182 -3.23004 -6.24823
3.0182 -3.23004 -6.24823
3.0182 -3.23004 -6.24823
3.0182 -3.23004 -6.24823
3.0182 -3.23004 -6.24823
3.0182 -3.23004 -6.24823
3.0182 -3.23004 -6.24823
3.01802 -3.23004 -6.24806
3.01802 -3.23004 -6.24806
3.01802 -3.23004 -6.24806
3.01802 -3.23004 -6.24806
3.01802 -3.23004 -6.24806
3.01802 -3.23004 -6.24806
3.01802 -3.23002 -6.24804
3.01802 -3.23002 -6.24804
3.0182 -3.23002 -6.24822
3.0182 -3.23002 -6.24822
3.01837 -3.23002 -6.24839
3.01837 -3.23 -6.24837
3.01837 -3.23 -6.24837
3.01837 -3.23 -6.24837
3.01837 -3.23 -6.24837
3.01855 -3.22998 -6.24853
3.01855 -3.23 -6.24855
3.0189 -3.23002 -6.24891
3.01925 -3.23002 -6.24926
3.01942 -3.23002 -6.24944
3.01977 -3.23002 -6.24979
3.02012 -3.23004 -6.25015
3.02047 -3.23005 -6.25052
3.02047 -3.23005 -6.25052
3.02064 -3.23004 -6.25068
3.02082 -3.23004 -6.25085
3.02116 -3.23002 -6.25118
3.02134 -3.23004 -6.25138
3.02151 -3.23004 -6.25155
3.02169 -3.23002 -6.25171
3.02186 -3.23002 -6.25188
3.02204 -3.23005 -6.25209
3.02221 -3.23005 -6.25227
3.02256 -3.23005 -6.25262
3.02291 -3.23004 -6.25295
3.02326 -3.23004 -6.2533
3.02343 -3.23004 -6.25347
3.02326 -3.23004 -6.2533
3.02343 -3.23005 -6.25349
3.02343 -3.23005 -6.25349
3.02361 -3.23005 -6.25366
3.02361 -3.23005 -6.25366
3.02361 -3.23005 -6.25366
3.02361 -3.23005 -6.25366
3.02378 -3.23005 -6.25384
3.02378 -3.23005 -6.25384
3.02378 -3.23005 -6.25384
3.02378 -3.23005 -6.25384
3.02378 -3.23005 -6.25384
3.02378 -3.23005 -6.25384
3.02378 -3.23005 -6.25384
3.02396 -3.23005 -6.25401
3.02378 -3.23005 -6.25384
3.02396 -3.23005 -6.25401
3.02396 -3.23005 -6.25401
3.02396 -3.23005 -6.25401
3.02396 -3.23005 -6.25401
3.02396 -3.23005 -6.25401
3.02396 -3.23005 -6.25401
3.02396 -3.23005 -6.25401
3.02396 -3.23005 -6.25401
3.02396 -3.23005 -6.25401
3.02396 -3.23005 -6.25401
3.02396 -3.23005 -6.25401
3.02396 -3.23005 -6.25401
3.02396 -3.23005 -6.25401
3.02396 -3.23005 -6.25401
3.02396 -3.23005 -6.25401
3.02396 -3.23005 -6.25401
3.02396 -3.23005 -6.25401
3.02413 -3.23005 -6.25419
3.02413 -3.23005 -6.25419
3.02413 -3.23005 -6.25419
3.02413 -3.23005 -6.25419
3.02413 -3.23005 -6.25419
3.02413 -3.23005 -6.25419
3.02413 -3.23005 -6.25419
3.02413 -3.23005 -6.25419
3.02413 -3.23005 -6.25419
3.02396 -3.23005 -6.25401
3.02396 -3.23005 -6.25401
3.02396 -3.23005 -6.25401
3.02413 -3.23005 -6.25419
3.02413 -3.23005 -6.25419
3.02413 -3.23005 -6.25419
3.02413 -3.23005 -6.25419
3.02413 -3.23005 -6.25419
3.02413 -3.23005 -6.25419
3.02413 -3.23005 -6.25419
3.02413 -3.23005 -6.25419
3.02431 -3.23005 -6.25436
3.02431 -3.23005 -6.25436
3.02431 -3.23005 -6.25436
3.02431 -3.23005 -6.25436
3.02431 -3.23005 -6.25436
3.02431 -3.23005 -6.25436
3.02431 -3.23005 -6.25436
3.02431 -3.23005 -6.25436
3.02431 -3.23005 -6.25436
3.02431 -3.23005 -6.25436
3.02431 -3.23005 -6.25436
3.02431 -3.23005 -6.25436
3.02431 -3.23005 -6.25436
3.02448 -3.23005 -6.25454
3.02448 -3.23005 -6.25454
3.02448 -3.23005 -6.25454
3.02466 -3.23005 -6.25471
3.02466 -3.23005 -6.25471
3.02466 -3.23005 -6.25471
3.02466 -3.23005 -6.25471
3.02466 -3.23005 -6.25471
3.02448 -3.23005 -6.25454
3.02448 -3.23005 -6.25454
3.02466 -3.23005 -6.25471
3.02466 -3.23005 -6.25471
3.02466 -3.23005 -6.25471
3.02466 -3.23005 -6.25471
3.02466 -3.23005 -6.25471
3.02466 -3.23005 -6.25471
3.02466 -3.23005 -6.25471
3.02466 -3.23005 -6.25471
3.02466 -3.23005 -6.25471
3.02466 -3.23005 -6.25471
3.02466 -3.23005 -6.25471
3.02483 -3.23005 -6.25488
3.02466 -3.23004 -6.25469
3.02466 -3.23004 -6.25469
3.02466 -3.23004 -6.25469
3.02466 -3.23004 -6.25469
3.02483 -3.23004 -6.25487
3.02483 -3.23004 -6.25487
3.02483 -3.23004 -6.25487
3.02483 -3.23004 -6.25487
3.025 -3.23004 -6.25504
3.025 -3.23004 -6.25504
3.025 -3.23004 -6.25504
3.025 -3.23004 -6.25504
3.025 -3.23004 -6.25504
3.025 -3.23004 -6.25504
3.025 -3.23004 -6.25504
3.025 -3.23004 -6.25504
3.025 -3.23004 -6.25504
3.025 -3.23004 -6.25504
3.025 -3.23004 -6.25504
3.02483 -3.23004 -6.25487
3.025 -3.23004 -6.25504
3.025 -3.23004 -6.25504
3.025 -3.23004 -6.25504
3.025 -3.23004 -6.25504
3.025 -3.23004 -6.25504
3.025 -3.23004 -6.25504
3.025 -3.23004 -6.25504
3.025 -3.23004 -6.25504
3.025 -3.23004 -6.25504
3.025 -3.23004 -6.25504
3.025 -3.23004 -6.25504
3.025 -3.23004 -6.25504
3.025 -3.23004 -6.25504
3.025 -3.23004 -6.25504
3.025 -3.23004 -6.25504
3.025 -3.23004 -6.25504
3.025 -3.23004 -6.25504
3.02483 -3.23004 -6.25487
3.02483 -3.23005 -6.25488
3.02483 -3.23005 -6.25488
3.025 -3.23005 -6.25506
3.025 -3.23005 -6.25506
3.025 -3.23005 -6.25506
3.02518 -3.23005 -6.25523
3.025 -3.23005 -6.25506
3.025 -3.23004 -6.25504
3.025 -3.23002 -6.25502
3.025 -3.23 -6.25501
3.02518 -3.22997 -6.25515
3.02553 -3.22998 -6.25551
3.02623 -3.22998 -6.25621
3.02727 -3.22997 -6.25724
3.02815 -3.22998 -6.25813
3.02919 -3.22995 -6.25914
3.03024 -3.22995 -6.26019
3.03094 -3.22993 -6.26087
3.03111 -3.22992 -6.26103
3.03181 -3.22992 -6.26173
3.03234 -3.22992 -6.26225
3.03286 -3.2299 -6.26276
3.03321 -3.22988 -6.26309
3.03356 -3.2299 -6.26346
3.03391 -3.22988 -6.26379
3.03425 -3.22987 -6.26412
3.0346 -3.22987 -6.26447
3.03495 -3.22987 -6.26482
3.0353 -3.22985 -6.26515
3.03548 -3.22985 -6.26533
3.0353 -3.22985 -6.26515
3.0353 -3.22985 -6.26515
3.0353 -3.22984 -6.26514
3.03548 -3.22984 -6.26531
3.03548 -3.22984 -6.26531
3.03565 -3.22982 -6.26547
3.036 -3.2298 -6.2658
3.03617 -3.22979 -6.26596
3.03617 -3.22979 -6.26596
3.03652 -3.22979 -6.26631
3.03687 -3.22977 -6.26664
3.03705 -3.22977 -6.26682
3.03722 -3.22977 -6.26699
3.03722 -3.22977 -6.26699
3.03722 -3.22977 -6.26699
3.0374 -3.22977 -6.26717
3.0374 -3.22977 -6.26717
3.0374 -3.22976 -6.26715
3.03757 -3.22976 -6.26733
3.03757 -3.22974 -6.26731
3.03775 -3.22974 -6.26749
3.03775 -3.22972 -6.26747
3.03792 -3.22972 -6.26764
3.03809 -3.22972 -6.26782
3.03827 -3.22972 -6.26799
3.03827 -3.22972 -6.26799
3.03827 -3.22972 -6.26799
3.03827 -3.22972 -6.26799
3.03844 -3.22972 -6.26817
3.03844 -3.22972 -6.26817
3.03844 -3.22972 -6.26817
3.03844 -3.22972 -6.26817
3.03844 -3.22972 -6.26817
3.03844 -3.22972 -6.26817
3.03844 -3.22972 -6.26817
3.03844 -3.22972 -6.26817
3.03844 -3.22972 -6.26817
3.03844 -3.22972 -6.26817
3.03844 -3.22972 -6.26817
3.03844 -3.22972 -6.26817
3.03862 -3.22972 -6.26834
3.03862 -3.22972 -6.26834
3.03862 -3.22972 -6.26834
3.03862 -3.22972 -6.26834
3.03862 -3.22972 -6.26834
3.03862 -3.22971 -6.26833
3.03862 -3.22971 -6.26833
3.03862 -3.22971 -6.26833
3.03862 -3.22971 -6.26833
3.03862 -3.22971 -6.26833
3.03844 -3.22971 -6.26815
3.03844 -3.22971 -6.26815
3.03844 -3.22971 -6.26815
3.03844 -3.22971 -6.26815
3.03844 -3.22971 -6.26815
3.03844 -3.22971 -6.26815
3.03844 -3.22971 -6.26815
3.03844 -3.22971 -6.26815
3.03827 -3.22971 -6.26798
3.03827 -3.22971 -6.26798
3.03827 -3.22971 -6.26798
3.03827 -3.22971 -6.26798
3.03844 -3.22971 -6.26815
3.03844 -3.22971 -6.26815
3.03844 -3.22971 -6.26815
3.03844 -3.22971 -6.26815
3.03844 -3.22971 -6.26815
3.03844 -3.22971 -6.26815
3.03844 -3.22971 -6.26815
3.03827 -3.22971 -6.26798
3.03827 -3.22971 -6.26798
3.03827 -3.22971 -6.26798
3.03827 -3.22971 -6.26798
3.03827 -3.22971 -6.26798
3.03827 -3.22971 -6.26798
3.03827 -3.22971 -6.26798
3.03809 -3.22971 -6.2678
3.03809 -3.22971 -6.2678
3.03809 -3.22971 -6.2678
3.03809 -3.22971 -6.2678
3.03809 -3.22971 -6.2678
3.03809 -3.22971 -6.2678
3.03809 -3.22971 -6.2678
3.03809 -3.22971 -6.2678
3.03809 -3.22971 -6.2678
3.03792 -3.22971 -6.26763
3.03792 -3.22972 -6.26764
3.03792 -3.22972 -6.26764
3.03792 -3.22972 -6.26764
3.03792 -3.22972 -6.26764
3.03792 -3.22972 -6.26764
3.03809 -3.22972 -6.26782
3.03809 -3.22972 -6.26782
3.03809 -3.22972 -6.26782
3.03827 -3.22972 -6.26799
3.03827 -3.22972 -6.26799
3.03827 -3.22972 -6.26799
3.03827 -3.22972 -6.26799
3.03827 -3.22972 -6.26799
3.03827 -3.22972 -6.26799
3.03827 -3.22972 -6.26799
3.03827 -3.22972 -6.26799
3.03827 -3.22972 -6.26799
3.03827 -3.22972 -6.26799
3.03827 -3.22972 -6.26799
3.03827 -3.22972 -6.26799
3.03827 -3.22972 -6.26799
3.03827 -3.22972 -6.26799
3.03827 -3.22972 -6.26799
3.03809 -3.22972 -6.26782
3.03809 -3.22972 -6.26782
3.03809 -3.22972 -6.26782
3.03809 -3.22972 -6.26782
3.03809 -3.22972 -6.26782
3.03809 -3.22972 -6.26782
3.03809 -3.22972 -6.26782
3.03809 -3.22972 -6.26782
3.03792 -3.22972 -6.26764
3.03792 -3.22972 -6.26764
3.03809 -3.22972 -6.26782
3.03809 -3.22972 -6.26782
3.03809 -3.22972 -6.26782
3.03809 -3.22972 -6.26782
3.03809 -3.22972 -6.26782
3.03809 -3.22972 -6.26782
3.03792 -3.22972 -6.26764
3.03792 -3.22972 -6.26764
3.03792 -3.22972 -6.26764
3.03809 -3.22972 -6.26782
3.03809 -3.22972 -6.26782
3.03809 -3.22972 -6.26782
3.03809 -3.22972 -6.26782
3.03809 -3.22972 -6.26782
3.03792 -3.22972 -6.26764
3.03792 -3.22972 -6.26764
3.03792 -3.22972 -6.26764
3.03809 -3.22972 -6.26782
3.03809 -3.22972 -6.26782
3.03809 -3.22972 -6.26782
3.03809 -3.22972 -6.26782
3.03809 -3.22972 -6.26782
3.03809 -3.22972 -6.26782
3.03809 -3.22972 -6.26782
3.03809 -3.22972 -6.26782
3.03809 -3.22972 -6.26782
3.03809 -3.22972 -6.26782
3.03827 -3.22972 -6.26799
3.03827 -3.22972 -6.26799
3.03827 -3.22972 -6.26799
3.03827 -3.22972 -6.26799
3.03827 -3.22972 -6.26799
3.03827 -3.22972 -6.26799
3.03827 -3.22972 -6.26799
3.03809 -3.22972 -6.26782
3.03809 -3.22972 -6.26782
3.03809 -3.22972 -6.26782
3.03809 -3.22972 -6.26782
3.03809 -3.22972 -6.26782
3.03809 -3.22972 -6.26782
3.03809 -3.22972 -6.26782
3.03809 -3.22972 -6.26782
3.03809 -3.22972 -6.26782
3.03809 -3.22972 -6.26782
3.03809 -3.22972 -6.26782
3.03809 -3.22972 -6.26782
3.03809 -3.22972 -6.26782
3.03792 -3.22972 -6.26764
3.03792 -3.22972 -6.26764
3.03809 -3.22972 -6.26782
3.03809 -3.22972 -6.26782
3.03809 -3.22972 -6.26782
3.03809 -3.22972 -6.26782
3.03809 -3.22972 -6.26782
3.03809 -3.22972 -6.26782
3.03827 -3.22972 -6.26799
3.03827 -3.22972 -6.26799
3.03809 -3.22972 -6.26782
3.03809 -3.22972 -6.26782
3.03809 -3.22972 -6.26782
3.03809 -3.22972 -6.26782
3.03809 -3.22972 -6.26782
3.03809 -3.22972 -6.26782
3.03809 -3.22972 -6.26782
3.03809 -3.22972 -6.26782
3.03809 -3.22972 -6.26782
3.03809 -3.22972 -6.26782
3.03827 -3.22972 -6.26799
3.03809 -3.22972 -6.26782
3.03809 -3.22972 -6.26782
3.03809 -3.22972 -6.26782
3.03827 -3.22972 -6.26799
3.03827 -3.22972 -6.26799
3.03809 -3.22972 -6.26782
3.03809 -3.22972 -6.26782
3.03809 -3.22972 -6.26782
3.03809 -3.22972 -6.26782
3.03809 -3.22972 -6.26782
3.03809 -3.22972 -6.26782
3.03809 -3.22972 -6.26782
3.03827 -3.22972 -6.26799
3.03827 -3.22972 -6.26799
3.03844 -3.22972 -6.26817
3.03844 -3.22972 -6.26817
3.03844 -3.22972 -6.26817
3.03844 -3.22972 -6.26817
3.03844 -3.22972 -6.26817
3.03844 -3.22972 -6.26817
3.03844 -3.22972 -6.26817
3.03844 -3.22972 -6.26817
3.03844 -3.22972 -6.26817
3.03862 -3.22972 -6.26834
3.03844 -3.22972 -6.26817
3.03844 -3.22972 -6.26817
3.03844 -3.22972 -6.26817
3.03844 -3.22972 -6.26817
3.03844 -3.22972 -6.26817
3.03862 -3.22972 -6.26834
3.03862 -3.22972 -6.26834
3.03862 -3.22972 -6.26834
3.03862 -3.22972 -6.26834
3.03862 -3.22972 -6.26834
3.03879 -3.22972 -6.26852
3.03879 -3.22972 -6.26852
3.03879 -3.22972 -6.26852
3.03897 -3.22972 -6.26869
3.03897 -3.22972 -6.26869
3.03897 -3.22972 -6.26869
3.03897 -3.22972 -6.26869
3.03897 -3.22972 -6.26869
3.03914 -3.22972 -6.26887
3.03897 -3.22972 -6.26869
3.03897 -3.22972 -6.26869
3.03897 -3.22972 -6.26869
3.03897 -3.22972 -6.26869
3.03897 -3.22972 -6.26869
3.03914 -3.22972 -6.26887
3.03914 -3.22972 -6.26887
3.03914 -3.22972 -6.26887
3.03914 -3.22972 -6.26887
3.03914 -3.22972 -6.26887
3.03914 -3.22972 -6.26887
3.03914 -3.22972 -6.26887
3.03897 -3.22972 -6.26869
3.03897 -3.22972 -6.26869
3.03897 -3.22972 -6.26869
3.03897 -3.22972 -6.26869
3.03897 -3.22972 -6.26869
3.03897 -3.22972 -6.26869
3.03914 -3.22972 -6.26887
3.03914 -3.22972 -6.26887
3.03914 -3.22972 -6.26887
3.03932 -3.22971 -6.26903
3.03932 -3.22971 -6.26903
3.03949 -3.22971 -6.2692
3.03949 -3.22971 -6.2692
3.03949 -3.22969 -6.26918
3.03967 -3.22968 -6.26934
3.03967 -3.22968 -6.26934
3.03967 -3.22966 -6.26933
3.03984 -3.22965 -6.26949
3.04001 -3.22963 -6.26965
3.04071 -3.22965 -6.27036
3.04193 -3.22963 -6.27157
3.04263 -3.22962 -6.27225
3.04333 -3.22962 -6.27295
3.0442 -3.22959 -6.27379
3.04508 -3.22957 -6.27465
3.0456 -3.22957 -6.27517
3.04612 -3.22956 -6.27568
3.04682 -3.22954 -6.27636
3.04734 -3.22953 -6.27687
3.04804 -3.22953 -6.27757
3.04839 -3.22953 -6.27792
3.04874 -3.22951 -6.27825
3.04926 -3.2295 -6.27876
3.04961 -3.2295 -6.27911
3.04979 -3.2295 -6.27929
3.04996 -3.2295 -6.27946
3.04996 -3.2295 -6.27946
3.04996 -3.2295 -6.27946
3.04996 -3.2295 -6.27946
3.04996 -3.2295 -6.27946
3.04996 -3.2295 -6.27946
3.04996 -3.2295 -6.27946
3.04996 -3.2295 -6.27946
3.04996 -3.2295 -6.27946
3.04979 -3.2295 -6.27929
3.04979 -3.2295 -6.27929
3.04996 -3.2295 -6.27946
3.04979 -3.2295 -6.27929
3.04979 -3.2295 -6.27929
3.04979 -3.2295 -6.27929
3.04961 -3.2295 -6.27911
3.04961 -3.2295 -6.27911
3.04961 -3.2295 -6.27911
3.04961 -3.2295 -6.27911
3.04961 -3.2295 -6.27911
3.04961 -3.2295 -6.27911
3.04961 -3.2295 -6.27911
3.04961 -3.2295 -6.27911
3.04961 -3.2295 -6.27911
3.04961 -3.2295 -6.27911
3.04961 -3.2295 -6.27911
3.04961 -3.2295 -6.27911
3.04961 -3.2295 -6.27911
3.04961 -3.2295 -6.27911
3.04961 -3.2295 -6.27911
3.04961 -3.2295 -6.27911
3.04961 -3.2295 -6.27911
3.04961 -3.2295 -6.27911
3.04979 -3.2295 -6.27929
3.04979 -3.2295 -6.27929
3.04979 -3.2295 -6.27929
3.04979 -3.2295 -6.27929
3.04979 -3.2295 -6.27929
3.04979 -3.2295 -6.27929
3.04979 -3.2295 -6.27929
3.04979 -3.2295 -6.27929
3.04979 -3.2295 -6.27929
3.04979 -3.2295 -6.27929
3.04979 -3.2295 -6.27929
3.04996 -3.2295 -6.27946
3.04996 -3.2295 -6.27946
3.04996 -3.2295 -6.27946
3.04996 -3.2295 -6.27946
3.04996 -3.2295 -6.27946
3.05014 -3.2295 -6.27963
3.05014 -3.2295 -6.27963
3.05014 -3.2295 -6.27963
3.05014 -3.2295 -6.27963
3.05014 -3.2295 -6.27963
3.05014 -3.2295 -6.27963
3.05014 -3.2295 -6.27963
3.05014 -3.2295 -6.27963
3.05014 -3.2295 -6.27963
3.05014 -3.2295 -6.27963
3.05014 -3.2295 -6.27963
3.05014 -3.2295 -6.27963
3.04996 -3.2295 -6.27946
3.04996 -3.2295 -6.27946
3.05014 -3.2295 -6.27963
3.05014 -3.2295 -6.27963
3.05014 -3.2295 -6.27963
3.05014 -3.2295 -6.27963
3.05014 -3.2295 -6.27963
3.05014 -3.2295 -6.27963
3.05031 -3.2295 -6.27981
3.05031 -3.2295 -6.27981
3.05049 -3.2295 -6.27998
3.05049 -3.2295 -6.27998
3.05049 -3.2295 -6.27998
3.05049 -3.2295 -6.27998
3.05049 -3.2295 -6.27998
3.05049 -3.2295 -6.27998
3.05049 -3.2295 -6.27998
3.05049 -3.2295 -6.27998
3.05066 -3.2295 -6.28016
3.05066 -3.2295 -6.28016
3.05066 -3.2295 -6.28016
3.05066 -3.2295 -6.28016
3.05066 -3.2295 -6.28016
3.05066 -3.2295 -6.28016
3.05066 -3.2295 -6.28016
3.05066 -3.2295 -6.28016
3.05066 -3.2295 -6.28016
3.05066 -3.2295 -6.28016
3.05066 -3.2295 -6.28016
3.05066 -3.2295 -6.28016
3.05066 -3.2295 -6.28016
3.05066 -3.2295 -6.28016
3.05084 -3.2295 -6.28033
3.05084 -3.2295 -6.28033
3.05084 -3.2295 -6.28033
3.05084 -3.2295 -6.28033
3.05066 -3.2295 -6.28016
3.05066 -3.2295 -6.28016
3.05066 -3.2295 -6.28016
3.05066 -3.2295 -6.28016
3.05066 -3.2295 -6.28016
3.05066 -3.2295 -6.28016
3.05066 -3.2295 -6.28016
3.05066 -3.2295 -6.28016
3.05049 -3.2295 -6.27998
3.05066 -3.2295 -6.28016
3.05066 -3.2295 -6.28016
3.05066 -3.2295 -6.28016
3.05066 -3.2295 -6.28016
3.05066 -3.2295 -6.28016
3.05066 -3.2295 -6.28016
3.05066 -3.2295 -6.28016
3.05084 -3.2295 -6.28033
3.05084 -3.2295 -6.28033
3.05066 -3.2295 -6.28016
3.05066 -3.2295 -6.28016
3.05066 -3.2295 -6.28016
3.05066 -3.2295 -6.28016
3.05066 -3.2295 -6.28016
3.05066 -3.2295 -6.28016
3.05066 -3.2295 -6.28016
3.05066 -3.2295 -6.28016
3.05066 -3.2295 -6.28016
3.05066 -3.2295 -6.28016
3.05066 -3.2295 -6.28016
3.05066 -3.2295 -6.28016
3.05066 -3.2295 -6.28016
3.05066 -3.2295 -6.28016
3.05066 -3.2295 -6.28016
3.05084 -3.2295 -6.28033
3.05084 -3.2295 -6.28033
3.05066 -3.2295 -6.28016
3.05066 -3.2295 -6.28016
3.05066 -3.22953 -6.28019
3.05066 -3.23006 -6.28073
3.05066 -3.23192 -6.28258
3.05066 -3.25071 -6.30137
3.05188 -3.25363 -6.30551
3.0531 -3.27066 -6.32377
3.0545 2.99743 -0.0570729
3.05537 2.99492 -0.0604531
3.05537 2.98226 -0.0731163
3.0552 2.97188 -0.0833232
3.05502 2.96982 -0.0852039
3.05485 2.96179 -0.0930578
3.05485 2.95601 -0.0988376
3.05468 2.95411 -0.10056
3.0545 2.95074 -0.103764
3.0545 2.94972 -0.104776
3.0545 2.9512 -0.103302
3.05433 2.9489 -0.105429
3.05433 2.95279 -0.101539
3.0545 2.9594 -0.0951048
3.05468 2.95634 -0.0983363
3.05502 2.96498 -0.0900464
3.0552 -3.30751 -6.36271
3.0552 -3.31153 -6.36673
3.0552 -3.29954 -6.35474
3.0552 -3.28578 -6.34098
3.05502 -3.28916 -6.34418
3.05502 -3.28998 -6.345
3.05502 -3.28771 -6.34273
3.0552 -3.28597 -6.34117
3.0552 -3.28679 -6.34199
3.05502 -3.28839 -6.34342
3.05485 -3.28866 -6.34351
3.05468 -3.28757 -6.34225
3.05485 -3.287 -6.34185
3.05485 -3.28736 -6.34221
3.05485 -3.28753 -6.34238
3.05485 -3.28529 -6.34014
3.05485 -3.30007 -6.35492
3.05502 -3.29597 -6.35099
3.05485 -3.30876 -6.36361
3.0545 2.96371 -0.090788
3.05433 2.96691 -0.0874208
3.05415 2.95743 -0.0967209
3.05363 2.95993 -0.0937027
3.05258 2.95291 -0.0996728
3.05188 2.94886 -0.103024
3.05101 2.95094 -0.100066
3.04996 2.94922 -0.100747
3.04909 2.9512 -0.0978927
3.04839 2.95219 -0.0962002
3.04787 2.9556 -0.09227
3.04769 2.95741 -0.0902889
3.04804 2.96237 -0.0856697
3.04857 2.96292 -0.0856499
3.04979 2.96278 -0.0870118
3.05084 2.96207 -0.0887671
3.05188 2.96193 -0.0899561
3.0531 2.96236 -0.0907462
3.05415 2.96278 -0.0913711
3.0552 2.96284 -0.0923582
3.05607 2.96284 -0.0932308
3.05712 2.96285 -0.0942716
3.05817 2.96288 -0.0952872
3.06043 2.96291 -0.0975253
3.06218 2.96294 -0.0992352
3.06358 2.96303 -0.100546
3.06462 2.96308 -0.101544
3.06515 2.96306 -0.102089
3.0655 2.96305 -0.102449
3.06567 2.96305 -0.102623
3.06567 2.96305 -0.102623
3.06515 2.96305 -0.1021
3.0648 2.96305 -0.101751
3.0648 2.96305 -0.101751
3.0648 2.963 -0.101799
3.06497 2.96287 -0.102102
3.06532 2.96277 -0.102552
3.06585 2.96248 -0.103366
3.06707 2.95808 -0.108989
3.06864 2.95742 -0.111215
3.07073 2.95681 -0.113924
3.07178 2.95456 -0.11722
3.07265 2.95359 -0.11906
3.07352 2.95358 -0.119943
3.0744 2.95257 -0.121828
3.07492 2.95511 -0.119807
3.07562 2.95392 -0.121703
3.07649 2.95901 -0.11748
3.07789 2.95761 -0.120275
3.07911 2.96562 -0.113486
3.08033 2.96424 -0.116095
3.08225 2.97476 -0.107495
3.08627 2.97299 -0.113277
3.09325 -3.2976 -6.39084
3.10267 -3.2994 -6.40207
3.11384 -3.30097 -6.41482
3.12606 -3.28612 -6.41218
-3.13793 -3.28762 -0.149693
-3.12484 -3.2706 -0.145763
-3.11192 -3.27178 -0.159859
-3.09918 -3.25338 -0.154202
-3.08714 -3.25444 -0.167306
-3.07632 -3.25527 -0.178956
-3.06619 -3.23599 -0.169794
-3.05694 -3.23685 -0.179907
-3.04892 -3.21657 -0.167652
-3.04595 -3.21749 -0.171541
-3.04455 -3.19646 -0.151912
-3.04438 -3.19787 -0.153495
-3.04403 -3.19929 -0.155262
-3.04351 -3.17836 -0.134855
-3.04333 -3.18025 -0.136917
-3.04333 -3.15878 -0.115452
-3.04351 -3.16121 -0.117706
-3.04351 -3.13911 -0.0956027
-3.04316 -3.14211 -0.0989565
-3.04246 -3.14517 -0.102714
-3.04106 -3.12321 -0.0821495
-3.03897 -3.12692 -0.0879495
-3.03635 -3.1043 -0.0679488
-3.03391 -3.10847 -0.0745667
-3.03181 -3.11243 -0.0806198
-3.02884 -3.08936 -0.0605196
-3.01837 -3.09349 -0.0751199
-3.00493 -3.06992 -0.0649866
-2.9908 -3.07478 -0.0839872
-2.97806 -3.07913 -0.101071
-2.96636 -3.05504 -0.0886795
-2.95589 -3.05935 -0.103457
-2.94716 -3.03539 -0.0882281
-2.93879 -3.04033 -0.101543
-2.92395 -3.04492 -0.120966
-2.91487 -3.02078 -0.105908
-2.90685 -3.02439 -0.117548
-2.89969 -3.02886 -0.12917
-2.89306 -3.00616 -0.1131
-2.88765 -3.01145 -0.123801
-2.88293 -2.98803 -0.105098
-2.8791 -2.99272 -0.113627
-2.87648 -2.99753 -0.121055
-2.87229 -2.97509 -0.102802
-2.86897 -2.98074 -0.111766
-2.86461 -2.95875 -0.0941382
-2.86059 -2.9654 -0.104809
-2.85728 -2.97196 -0.114685
-2.85396 -2.95166 -0.0976944
-2.85117 -2.95916 -0.107987
-2.84908 -2.94025 -0.0911734
-2.84454 -2.94872 -0.104179
-2.83895 -2.93049 -0.0915352
-2.83145 -2.93891 -0.107463
-2.8222 -2.92126 -0.0990641
-2.81242 -2.92953 -0.117111
-2.80282 -2.91206 -0.109236
-2.79375 -2.92035 -0.126598
-2.7852 -2.92829 -0.143097
-2.77717 -2.91171 -0.134539
-2.7667 -2.91974 -0.153049
-2.76006 -2.90302 -0.142954
-2.75256 -2.91036 -0.157799
-2.74436 -2.91766 -0.173305
-2.73528 -2.90164 -0.16636
-2.72463 -2.90926 -0.184626
-2.71154 -2.89346 -0.181919
-2.69636 -2.90058 -0.204224
-2.6721 -2.90735 -0.235253
-2.65569 -2.8911 -0.235403
-2.63911 -2.89769 -0.258576
-2.62253 -2.88122 -0.258691
-2.60613 -2.88729 -0.281163
-2.58972 -2.89287 -0.303145
-2.57384 -2.87588 -0.30204
-2.5583 -2.88141 -0.323105
-2.54277 -2.88675 -0.343978
-2.51921 -2.86998 -0.350772
-2.50298 -2.87551 -0.372531
-2.48675 -2.85827 -0.371527
-2.47208 -2.86363 -0.391545
-2.45952 -2.8462 -0.386685
-2.44922 -2.85189 -0.402672
-2.44102 -2.8344 -0.393378
-2.43491 -2.84024 -0.405335
-2.42932 -2.82266 -0.393341
-2.42775 -2.82879 -0.401037
-2.42705 -2.81122 -0.384166
-2.42583 -2.81792 -0.392085
-2.42444 -2.80081 -0.376373
-2.42356 -2.80789 -0.384329
-2.42269 -2.79102 -0.368332
-2.4213 -2.79853 -0.377236
-2.41972 -2.78189 -0.362163
-2.41693 -2.78982 -0.372885
-2.41449 -2.77311 -0.358624
-2.4117 -2.78107 -0.369377
-2.40908 -2.76404 -0.354958
-2.40663 -2.77191 -0.365279
-2.40524 -2.75479 -0.34955
-2.40384 -2.76311 -0.359264
-2.4021 -2.7713 -0.369202
-2.39948 -2.75418 -0.354701
-2.39721 -2.76236 -0.365145
-2.39477 -2.74436 -0.349598
-2.3925 -2.75235 -0.359856
-2.39075 -2.73369 -0.342934
-2.38918 -2.74202 -0.352835
-2.38691 -2.75021 -0.363297
-2.38447 -2.73116 -0.346689
-2.38185 -2.73906 -0.357207
-2.37661 -2.71941 -0.342794
-2.37243 -2.72752 -0.355094
-2.36824 -2.73543 -0.367192
-2.36352 -2.71516 -0.351636
-2.35881 -2.72289 -0.364077
-2.35427 -2.73045 -0.376173
-2.34904 -2.70946 -0.360425
-2.3431 -2.71728 -0.374177
-2.33525 -2.7249 -0.389654
-2.33176 -2.70329 -0.371528
-2.32949 -2.71089 -0.381402
-2.32879 -2.71835 -0.389557
-2.32862 -2.6963 -0.367678
-2.32844 -2.70378 -0.37534
-2.32897 -2.71117 -0.382203
-2.33001 -2.6891 -0.359089
-2.33141 -2.69661 -0.365199
-2.33473 -2.70409 -0.369368
-2.33665 -2.68214 -0.345496
-2.33857 -2.68972 -0.351149
-2.34031 -2.69714 -0.356828
-2.34171 -2.67528 -0.333574
-2.34276 -2.68276 -0.34
-2.3438 -2.69002 -0.346219
-2.3445 -2.66838 -0.323882
-2.34468 -2.67568 -0.331001
-2.34468 -2.68271 -0.338036
-2.34468 -2.6612 -0.316527
-2.34485 -2.66816 -0.323313
-2.34502 -2.67473 -0.329701
-2.34485 -2.67923 -0.33438
-2.34433 -2.68289 -0.338567
-2.34433 -2.65818 -0.313849
-2.34468 -2.66013 -0.315458
-2.3452 -2.66095 -0.315752
-2.34555 -2.66281 -0.317259
-2.3459 -2.66566 -0.319765
-2.34625 -2.66853 -0.322284
-2.34642 -2.67026 -0.323836
-2.34537 -2.67056 -0.325187
-2.34171 -2.67113 -0.329417
-2.33577 -2.67239 -0.336614
-2.3246 -2.67366 -0.349054
-2.31221 -2.67479 -0.362577
-2.29581 -2.67592 -0.380115
-2.27696 -2.67705 -0.400089
-2.25723 -2.67812 -0.42089
-2.23594 -2.65176 -0.415822
-2.2129 -2.65269 -0.439787
-2.19039 -2.65335 -0.462959
-2.16997 -2.65397 -0.483998
-2.14344 -2.65481 -0.511372
-2.12756 -2.6557 -0.528144
-2.11167 -2.65654 -0.544862
-2.09457 -2.6573 -0.562734
-2.07642 -2.65808 -0.58166
-2.05705 -2.65884 -0.601796
-2.03767 -2.65959 -0.621919
-2.01865 -2.6603 -0.641652
-1.99055 -2.66096 -0.67041
-1.97187 -2.66157 -0.689693
-1.9532 -2.66214 -0.708941
-1.93452 -2.66269 -0.728164
-1.9162 -2.66319 -0.746993
-1.89839 -2.66367 -0.765275
-1.88094 -2.63737 -0.756426
-1.86349 -2.63783 -0.774346
-1.84638 -2.63832 -0.791931
-1.82055 -2.63876 -0.818212
-1.80327 -2.63917 -0.835897
-1.786 -2.63959 -0.85359
-1.76837 -2.64029 -0.871926
-1.75074 -2.64105 -0.890308
-1.73294 -2.6419 -0.908959
-1.71461 -2.6427 -0.928086
-1.69629 -2.61724 -0.92095
-1.6722 -2.61802 -0.945818
-1.65894 -2.61888 -0.95994
-1.64794 -2.61982 -0.971879
-1.63869 -2.59545 -0.956756
-1.63101 -2.59649 -0.965479
-1.62473 -2.59741 -0.972685
-1.61984 -2.59836 -0.978519
-1.616 -2.57485 -0.958851
-1.61303 -2.57598 -0.962948
-1.60884 -2.57713 -0.968287
-1.6071 -2.55455 -0.947452
-1.6064 -2.55576 -0.94936
-1.60623 -2.55698 -0.950757
-1.60553 -2.53558 -0.930053
-1.60343 -2.53696 -0.933522
-1.60047 -2.53832 -0.937853
-1.59733 -2.51812 -0.920796
-1.59157 -2.51958 -0.928014
-1.58773 -2.50058 -0.912853
-1.58319 -2.50208 -0.918895
-1.57795 -2.50353 -0.925576
-1.57219 -2.48624 -0.914049
-1.56608 -2.48764 -0.921551
-1.55945 -2.48901 -0.929555
-1.5523 -2.4735 -0.921203
-1.54479 -2.47489 -0.930101
-1.53362 -2.46105 -0.927426
-1.52577 -2.46233 -0.936567
-1.51756 -2.45009 -0.932523
-1.50954 -2.45136 -0.94182
-1.50133 -2.45256 -0.951226
-1.49295 -2.44198 -0.949021
-1.48458 -2.44312 -0.958544
-1.47655 -2.4341 -0.957551
-1.46555 -2.43523 -0.969673
-1.45875 -2.42771 -0.968969
-1.45229 -2.42876 -0.97647
-1.44566 -2.42271 -0.977057
-1.4385 -2.4237 -0.985195
-1.43169 -2.41902 -0.987322
-1.42489 -2.41996 -0.99507
-1.41808 -2.4164 -0.998316
-1.41127 -2.4139 -1.00263
-1.4015 -2.41475 -1.01325
-1.39504 -2.41306 -1.01802
-1.38876 -2.41383 -1.02508
-1.38282 -2.41242 -1.0296
-1.37706 -2.41313 -1.03607
-1.37043 -2.41187 -1.04144
-1.36328 -2.41073 -1.04746
-1.35595 -2.41134 -1.0554
-1.3453 -2.41013 -1.06483
-1.33797 -2.41067 -1.0727
-1.33081 -2.40933 -1.07852
-1.32383 -2.408 -1.08417
-1.3172 -2.40843 -1.09123
-1.31092 -2.40732 -1.0964
-1.30516 -2.40768 -1.10252
-1.30062 -2.40682 -1.1062
-1.29573 -2.40708 -1.11135
-1.2884 -2.40645 -1.11805
-1.28352 -2.40658 -1.12306
-1.27845 -2.40665 -1.1282
-1.27322 -2.40667 -1.13345
-1.26798 -2.40662 -1.13864
-1.26309 -2.4066 -1.1435
-1.2596 -2.40662 -1.14701
-1.25699 -2.40665 -1.14966
-1.25245 -2.40614 -1.15369
-1.24878 -2.40614 -1.15736
-1.24442 -2.40614 -1.16172
-1.23936 -2.40615 -1.16679
-1.23552 -2.40615 -1.17063
-1.2343 -2.40615 -1.17185
-1.23499 -2.40615 -1.17115
-1.23604 -2.40615 -1.17011
-1.23691 -2.40615 -1.16924
-1.23674 -2.40615 -1.16941
-1.23604 -2.40615 -1.17011
-1.23587 -2.40615 -1.17028
-1.23639 -2.40615 -1.16976
-1.23744 -2.40615 -1.16871
-1.23814 -2.40615 -1.16801
-1.23883 -2.40615 -1.16732
-1.23883 -2.40615 -1.16732
-1.23796 -2.40615 -1.16819
-1.23726 -2.40615 -1.16889
-1.23709 -2.40615 -1.16906
-1.23691 -2.40615 -1.16924
-1.23691 -2.40615 -1.16924
-1.23744 -2.40615 -1.16871
-1.23796 -2.40615 -1.16819
-1.23831 -2.40615 -1.16784
-1.23849 -2.40615 -1.16767
-1.23814 -2.40615 -1.16801
-1.23779 -2.40615 -1.16836
-1.23726 -2.40615 -1.16889
-1.23709 -2.40615 -1.16906
-1.23726 -2.40615 -1.16889
-1.23744 -2.40615 -1.16871
-1.23796 -2.40615 -1.16819
-1.23883 -2.40615 -1.16732
-1.24285 -2.40615 -1.1633
-1.24756 -2.40615 -1.15859
-1.25419 -2.40616 -1.15196
-1.26309 -2.40616 -1.14307
-1.27374 -2.40617 -1.13243
-1.28456 -2.40619 -1.12163
-1.29469 -2.40621 -1.11153
-1.30428 -2.40624 -1.10196
-1.31388 -2.40606 -1.09217
-1.32854 -2.4061 -1.07755
-1.33779 -2.40615 -1.06835
-1.34705 -2.4062 -1.05915
-1.35664 -2.40626 -1.04962
-1.36624 -2.40633 -1.04009
-1.37584 -2.40641 -1.03056
-1.38527 -2.40649 -1.02122
-1.39522 -2.40658 -1.01136
-1.41127 -2.40667 -0.995398
-1.42192 -2.40678 -0.984856
-1.43239 -2.40688 -0.974488
-1.44286 -2.407 -0.964137
-1.45334 -2.40714 -0.953808
-1.46328 -2.40731 -0.944029
-1.47341 -2.40748 -0.934072
-1.48388 -2.40765 -0.923769
-1.49487 -2.40781 -0.912939
-1.51146 -2.40801 -0.896552
-1.52263 -2.40815 -0.885524
-1.53362 -2.40825 -0.874632
-1.54427 -2.40839 -0.864122
-1.55404 -2.40835 -0.854307
-1.56224 -2.40834 -0.846098
-1.5687 -2.40837 -0.839665
-1.57254 -2.40837 -0.835825
-1.57272 -2.40837 -0.835657
-1.57045 -2.40837 -0.837926
-1.56905 -2.40837 -0.839322
-1.56923 -2.40837 -0.839147
-1.56975 -2.40837 -0.838618
-1.56957 -2.40837 -0.838792
-1.56923 -2.40837 -0.839141
-1.56905 -2.40837 -0.839316
-1.5687 -2.40837 -0.839665
-1.56835 -2.40837 -0.840014
-1.56835 -2.40837 -0.840014
-1.56888 -2.40837 -0.83949
-1.56923 -2.40837 -0.839141
-1.56957 -2.40837 -0.838792
-1.56957 -2.40837 -0.838792
-1.56957 -2.40837 -0.838792
-1.56923 -2.40837 -0.839141
-1.5687 -2.40837 -0.839665
-1.56853 -2.40837 -0.839839
-1.56853 -2.40837 -0.839839
-1.5687 -2.40837 -0.839665
-1.56905 -2.40837 -0.839316
-1.56923 -2.40837 -0.839141
-1.5694 -2.40837 -0.838967
-1.5694 -2.40837 -0.838967
-1.56905 -2.40837 -0.839316
-1.5687 -2.40837 -0.839665
-1.5687 -2.40837 -0.839665
-1.5687 -2.40837 -0.839665
-1.5687 -2.40837 -0.839665
-1.56888 -2.40837 -0.83949
-1.56905 -2.40837 -0.839316
-1.56923 -2.40837 -0.839141
-1.56923 -2.40837 -0.839141
-1.56923 -2.40837 -0.839141
-1.56888 -2.40837 -0.83949
-1.5687 -2.40837 -0.839665
-1.5687 -2.40837 -0.839665
-1.5687 -2.40837 -0.839665
-1.56888 -2.40837 -0.83949
-1.56888 -2.40837 -0.83949
-1.56888 -2.40837 -0.83949
-1.56888 -2.40837 -0.83949
-1.56888 -2.40837 -0.83949
-1.5687 -2.40837 -0.839665
-1.56853 -2.40837 -0.839839
-1.56853 -2.40837 -0.839839
-1.56853 -2.40837 -0.839839
-1.5687 -2.40837 -0.839665
-1.56888 -2.40837 -0.83949
-1.56905 -2.40837 -0.839316
-1.56905 -2.40837 -0.839316
-1.56905 -2.40837 -0.839316
-1.56888 -2.40835 -0.839478
-1.5687 -2.40814 -0.839437
-1.5687 -2.40798 -0.839279
-1.56888 -2.40789 -0.839009
-1.57097 -2.40778 -0.836807
-1.5776 -2.40762 -0.830015
-1.58738 -2.40748 -0.820098
-1.60221 -2.40733 -0.805116
-1.61024 -2.40714 -0.796899
-1.61687 -2.40693 -0.79006
-1.62281 -2.40674 -0.78393
-1.62822 -2.40654 -0.778319
-1.63433 -2.4063 -0.771978
-1.64131 -2.40605 -0.764747
-1.64864 -2.4058 -0.757161
-1.65946 -2.40552 -0.746065
-1.66714 -2.40524 -0.738102
-1.67534 -2.40494 -0.729603
-1.68337 -2.40462 -0.721248
-1.6914 -2.40428 -0.712886
-1.69995 -2.40395 -0.704003
-1.70868 -2.40359 -0.694913
-1.71723 -2.40319 -0.685963
-1.72578 -2.40299 -0.677205
-1.73922 -2.40254 -0.663316
-1.7476 -2.40205 -0.654457
-1.7558 -2.40154 -0.645734
-1.76383 -2.40097 -0.637137
-1.77151 -2.4004 -0.62889
-1.77884 -2.39978 -0.620941
-1.78634 -2.39917 -0.612829
-1.79402 -2.39853 -0.604502
-1.80676 -2.39835 -0.591589
-1.81567 -2.39763 -0.58196
-1.82439 -2.3969 -0.572503
-1.8326 -2.39614 -0.563546
-1.84062 -2.39533 -0.554705
-1.84865 -2.39447 -0.545816
-1.85686 -2.39356 -0.536704
-1.86488 -2.39348 -0.5286
-1.87326 -2.39257 -0.519309
-1.88565 -2.39158 -0.505927
-1.89421 -2.39053 -0.496325
-1.90258 -2.38942 -0.486841
-1.91079 -2.38833 -0.477541
-1.91847 -2.38836 -0.469892
-1.92667 -2.3872 -0.460533
-1.93487 -2.38593 -0.451058
-1.94255 -2.38463 -0.442074
-1.95058 -2.38327 -0.432692
-1.96315 -2.38185 -0.418707
-1.97135 -2.38195 -0.410602
-1.97938 -2.3805 -0.40112
-1.98793 -2.3789 -0.39097
-1.99596 -2.37729 -0.381334
-2.34607 -2.08597 0.2601
-2.34607 -2.08597 0.2601
-2.34607 -2.08597 0.2601
-2.3459 -2.08597 0.259925
-2.3459 -2.08597 0.259925
-2.34607 -2.08597 0.2601
-2.34607 -2.08597 0.2601
-2.34607 -2.08552 0.260547
-2.34607 -2.07824 0.267827
-2.3459 -2.06897 0.276926
-2.3459 -2.06119 0.284707
-2.34625 -2.05508 0.291162
-2.3466 -2.04964 0.296954
-2.3459 -2.0439 0.301998
-2.34223 -2.03781 0.304421
-2.33944 -2.03062 0.308819
-2.3363 -2.02317 0.313129
-2.33071 -2.01603 0.314685
-2.32234 -2.00652 0.315818
-2.31274 -2.00006 0.312679
-2.30366 -1.99301 0.310652
-2.29616 -1.98261 0.313547
-2.29074 -1.97563 0.315115
-2.28429 -1.96956 0.314726
-2.28027 -1.96383 0.316444
-2.27504 -1.95309 0.321943
-2.26806 -1.94676 0.321294
-2.26055 -1.94057 0.319978
-2.25252 -1.93453 0.317987
-2.24362 -1.92247 0.321156
-2.23437 -1.91683 0.317538
-2.21936 -1.91104 0.30832
-2.21011 -1.89723 0.312878
-2.20103 -1.89169 0.309343
-2.19248 -1.88641 0.30607
-2.18428 -1.88121 0.303068
-2.17608 -1.86672 0.309359
-2.16735 -1.8615 0.305846
-2.15827 -1.8563 0.301978
-2.14955 -1.84077 0.308779
-2.13663 -1.83581 0.300827
-2.12825 -1.83107 0.29718
-2.12005 -1.82647 0.293583
-2.11202 -1.81003 0.301993
-2.10382 -1.80543 0.298388
-2.09579 -1.80096 0.294831
-2.08776 -1.78376 0.304005
-2.07939 -1.77935 0.300037
-2.0663 -1.77497 0.291329
-2.05722 -1.77092 0.286297
-2.04832 -1.75273 0.295589
-2.03889 -1.7487 0.290198
-2.02964 -1.74481 0.284833
-2.02004 -1.72594 0.2941
-2.01062 -1.7221 0.28852
-2.00119 -1.71832 0.282877
-1.99177 -1.71477 0.276997
-1.97903 -1.69563 0.283399
-1.97083 -1.69211 0.278714
-1.96315 -1.68873 0.274417
-1.95547 -1.66976 0.285711
-1.94779 -1.66639 0.281394
-1.94011 -1.66313 0.276976
-1.93243 -1.64431 0.288121
-1.92423 -1.64099 0.283237
-1.91166 -1.63778 0.273877
-1.90328 -1.63483 0.268451
-1.89508 -1.61661 0.278473
-1.8867 -1.61364 0.273057
-1.8785 -1.61076 0.26774
-1.87029 -1.59324 0.277053
-1.86174 -1.59044 0.271307
-1.85302 -1.58779 0.265223
-1.84411 -1.57106 0.273053
-1.83015 -1.5684 0.26175
-1.82108 -1.56594 0.255134
-1.81235 -1.56371 0.248644
-1.8038 -1.54801 0.255789
-1.79559 -1.54577 0.249826
-1.78739 -1.54364 0.243753
-1.77901 -1.52906 0.249956
-1.77046 -1.52696 0.243499
-1.7579 -1.52499 0.232908
-1.74952 -1.51162 0.237899
-1.74131 -1.5098 0.231513
-1.73311 -1.50809 0.225019
-1.72491 -1.49605 0.228858
-1.71653 -1.49446 0.222074
-1.7078 -1.493 0.214805
-1.69855 -1.4823 0.216256
-1.68948 -1.48094 0.208539
-1.67569 -1.47973 0.195963
-1.66679 -1.47877 0.188023
-1.65806 -1.46952 0.188539
-1.64969 -1.46869 0.180999
-1.64113 -1.46801 0.17312
-1.63258 -1.4603 0.172284
-1.6242 -1.45976 0.164441
-1.61548 -1.45357 0.161907
-1.60239 -1.45322 0.14917
-1.59418 -1.45312 0.141063
-1.58563 -1.44858 0.13705
-1.57673 -1.4487 0.128034
-1.56783 -1.449 0.118832
-1.5591 -1.44616 0.112944
-1.55038 -1.44671 0.103663
-1.542 -1.44745 0.0945517
-1.5338 -1.44638 0.0874163
-1.5214 -1.44744 0.0739621
-1.51303 -1.44877 0.0642559
-1.50482 -1.44959 0.0552331
-1.49662 -1.45124 0.0453791
-1.48859 -1.45386 0.0347321
-1.48109 -1.45592 0.0251699
-1.47393 -1.45818 0.0157506
-1.46782 -1.46285 0.00496769
-1.46067 -1.46548 -0.00481534
-1.45648 -1.47192 -0.015441
-1.45281 -1.47494 -0.0221299
-1.44967 -1.47805 -0.0283841
-1.44705 -1.4865 -0.0394439
-1.44548 -1.48973 -0.0442501
-1.44443 -1.49985 -0.0554124
-1.44409 -1.50325 -0.0591638
-1.44426 -1.51505 -0.0707948
-1.44426 -1.51866 -0.0744022
-1.44461 -1.52219 -0.0775844
-1.44513 -1.5358 -0.0906626
-1.44635 -1.53938 -0.0930259
-1.44862 -1.55466 -0.106035
-1.45159 -1.55839 -0.106805
-1.4556 -1.56203 -0.106422
-1.46032 -1.57912 -0.118808
-1.46852 -1.58281 -0.114289
-1.47463 -1.58626 -0.111629
-1.48144 -1.60515 -0.123718
-1.48824 -1.6086 -0.120361
-1.4954 -1.62923 -0.133835
-1.50255 -1.6326 -0.130042
-1.50971 -1.63584 -0.126125
-1.51739 -1.65824 -0.140852
-1.52542 -1.6616 -0.136181
-1.53729 -1.68573 -0.148447
-1.54479 -1.68908 -0.144293
-1.55212 -1.69218 -0.140062
-1.55893 -1.71798 -0.159052
-1.56573 -1.72123 -0.155492
-1.57324 -1.72439 -0.151155
-1.58074 -1.75228 -0.171533
-1.58808 -1.75556 -0.16748
-1.59872 -1.78492 -0.186201
-1.60605 -1.78826 -0.182208
-1.61356 -1.79152 -0.177959
-1.62124 -1.82256 -0.201327
-1.62892 -1.82597 -0.19705
-1.63572 -1.82916 -0.193433
-1.64235 -1.86177 -0.219417
-1.64916 -1.86518 -0.21602
-1.65667 -1.86855 -0.211884
-1.66836 -1.90243 -0.234069
-1.67621 -1.90591 -0.229699
-1.68389 -1.90927 -0.225379
-1.6914 -1.94388 -0.252478
-1.69873 -1.94739 -0.248659
-1.70606 -1.95088 -0.244824
-1.71269 -1.98629 -0.273594
-1.71932 -1.98996 -0.270635
-1.7298 -1.99354 -0.263741
-1.73695 -2.02948 -0.292531
-1.74411 -2.03322 -0.289112
-1.75161 -2.03691 -0.285295
-1.75894 -2.07321 -0.314263
-1.76627 -2.07696 -0.310689
-1.77413 -2.0807 -0.306575
-1.78216 -2.11726 -0.3351
-1.78984 -2.12112 -0.331283
-1.80135 -2.12491 -0.323554
-1.80868 -2.16134 -0.352658
-1.81549 -2.1652 -0.349704
-1.82212 -2.169 -0.346873
-1.82911 -2.17255 -0.343442
-1.83626 -2.20915 -0.372884
-1.84377 -2.21302 -0.369259
-1.85127 -2.2169 -0.365634
-1.86262 -2.25323 -0.390614
-1.87029 -2.25699 -0.386699
-1.8778 -2.2607 -0.382904
-1.88565 -2.26418 -0.378527
-1.89386 -2.30006 -0.406198
-1.90206 -2.30378 -0.401718
-1.90991 -2.30744 -0.397528
-1.91742 -2.31084 -0.393421
-1.92492 -2.34598 -0.421054
-1.93627 -2.34972 -0.413449
-1.9443 -2.35332 -0.409025
-1.9525 -2.35672 -0.40422
-1.96053 -2.39115 -0.430618
-1.96873 -2.39464 -0.425907
-1.97728 -2.39808 -0.420794
-1.98584 -2.40137 -0.415531
-1.99491 -2.43512 -0.44021
-2.00364 -2.43857 -0.434927
-2.01481 -2.44195 -0.42714
-2.02249 -2.44512 -0.422631
-2.02999 -2.47806 -0.448068
-2.03732 -2.4815 -0.444176
-2.04448 -2.48477 -0.440296
-2.05181 -2.48789 -0.436085
-2.05931 -2.5201 -0.460786
-2.06664 -2.52339 -0.456744
-2.07816 -2.52658 -0.448414
-2.08602 -2.52959 -0.443568
-2.0944 -2.53257 -0.438176
-2.10242 -2.56437 -0.461944
-2.10993 -2.5675 -0.457567
-2.11726 -2.57052 -0.453264
-2.12441 -2.5734 -0.448982
-2.13175 -2.60439 -0.472642
-2.1396 -2.60745 -0.467847
-2.15147 -2.61046 -0.458988
-2.15967 -2.61323 -0.453558
-2.16752 -2.64358 -0.476058
-2.1752 -2.64657 -0.471363
-2.18306 -2.64942 -0.466365
-2.19056 -2.65215 -0.461587
-2.19842 -2.65473 -0.456312
-2.20627 -2.68466 -0.478393
-2.21831 -2.68747 -0.46916
-2.22669 -2.69015 -0.463461
-2.23489 -2.6926 -0.457707
-2.2431 -2.72183 -0.478731
-2.2513 -2.72446 -0.473164
-2.2595 -2.72697 -0.467468
-2.26771 -2.72944 -0.461737
-2.27573 -2.73181 -0.456074
-2.28307 -2.76074 -0.477672
-2.29389 -2.76316 -0.469272
-2.30122 -2.76549 -0.464273
-2.30942 -2.76773 -0.458309
-2.31815 -2.7698 -0.451656
-2.3267 -2.79818 -0.471478
-2.33508 -2.80043 -0.465354
-2.34293 -2.8026 -0.459668
-2.35026 -2.80459 -0.454327
-2.36126 -2.8323 -0.471045
-2.36841 -2.83445 -0.466038
-2.37609 -2.83657 -0.460476
-2.38412 -2.83847 -0.454354
-2.3925 -2.84033 -0.447838
-2.4014 -2.8675 -0.466099
-2.40978 -2.86952 -0.459747
-2.41833 -2.87149 -0.453166
-2.42705 -2.87334 -0.44628
-2.4398 -2.89941 -0.459612
-2.44852 -2.90125 -0.452729
-2.4569 -2.903 -0.4461
-2.46528 -2.90464 -0.439364
-2.47366 -2.90618 -0.432521
-2.48168 -2.93102 -0.449334
-2.48971 -2.93267 -0.442961
-2.49774 -2.93428 -0.436541
-2.50996 -2.93576 -0.425799
-2.51834 -2.95923 -0.440892
-2.52654 -2.96074 -0.434203
-2.53492 -2.96218 -0.427259
-2.54312 -2.96347 -0.420355
-2.55097 -2.9854 -0.43443
-2.55883 -2.98681 -0.427983
-2.56651 -2.98813 -0.421619
-2.57419 -2.98932 -0.415131
-2.58623 -3.00962 -0.423394
-2.59426 -3.01084 -0.416586
-2.60229 -3.012 -0.409712
-2.61014 -3.01306 -0.402921
-2.61817 -3.03168 -0.413513
-2.62637 -3.03275 -0.406379
-2.6344 -3.03375 -0.399353
-2.64295 -3.03463 -0.391677
-2.65569 -3.05144 -0.395748
-2.66407 -3.0523 -0.388227
-2.67192 -3.05302 -0.3811
-2.68013 -3.05366 -0.373528
-2.68833 -3.06841 -0.380075
-2.69671 -3.06905 -0.37234
-2.70509 -3.06959 -0.364499
-2.71311 -3.07 -0.356888
-2.72149 -3.08274 -0.36125
-2.73441 -3.08313 -0.348725
-2.74331 -3.08334 -0.340034
-2.75221 -3.08342 -0.331213
-2.76129 -3.09365 -0.332367
-2.77001 -3.09365 -0.323642
-2.77839 -3.09352 -0.315131
-2.78694 -3.10095 -0.314006
-2.79514 -3.10072 -0.305572
-2.80754 -3.10035 -0.292815
-2.81574 -3.10493 -0.28919
-2.82447 -3.10435 -0.279882
-2.83354 -3.10363 -0.270084
-2.84209 -3.10276 -0.260663
-2.85082 -3.10446 -0.253634
-2.85955 -3.10336 -0.243814
-2.86827 -3.10209 -0.233813
-2.877 -3.10081 -0.223805
-2.89009 -3.09922 -0.209125
-2.89882 -3.09507 -0.196253
-2.90702 -3.0931 -0.186084
-2.91557 -3.09095 -0.175378
-2.92412 -3.08412 -0.159992
-2.9325 -3.08152 -0.149022
-2.94053 -3.07869 -0.138156
-2.94856 -3.06928 -0.120717
-2.9606 -3.06593 -0.105332
-2.96846 -3.05405 -0.0855979
-2.97596 -3.05018 -0.0742143
-2.98329 -3.036 -0.0527135
-2.99045 -3.03142 -0.0409714
-2.99795 -3.02662 -0.0286662
-3.00563 -3.00967 -0.00404119
-3.01314 -3.00405 0.0090913
-3.01994 -2.98473 0.0352167
-3.02727 -2.97819 0.0490831
-3.03042 -2.9566 0.0738147
-3.03251 -2.94979 0.0827231
-3.03286 -2.92672 0.106143
-3.03181 -2.92004 0.111772
-3.02954 -2.8956 0.133947
-3.02605 -2.88893 0.137126
-3.02082 -2.88227 0.138551
-3.01017 -2.85675 0.153417
-3.00179 -2.84945 0.15234
-2.99394 -2.82246 0.171482
-2.98835 -2.81469 0.173665
-2.98539 -2.78762 0.197767
-2.98347 -2.7804 0.203066
-2.98207 -2.77329 0.208782
-2.97963 -2.73872 0.240909
-2.97718 -2.71215 0.265037
-2.97579 -2.70536 0.270429
-2.97456 -2.69835 0.276213
-2.97317 -2.67221 0.300955
-2.9723 -2.66517 0.307125
-2.97177 -2.65828 0.313495
-2.97107 -2.6331 0.337972
-2.97055 -2.62604 0.34451
-2.96863 -2.61878 0.349852
-2.96689 -2.59442 0.372465
-2.96531 -2.58742 0.377899
-2.96392 -2.58022 0.383698
-2.96235 -2.57304 0.389305
-2.95973 -2.54956 0.410174
-2.95606 -2.54269 0.413378
-2.95153 -2.53555 0.415977
-2.94681 -2.51297 0.433843
-2.93896 -2.50679 0.432169
-2.93146 -2.50087 0.430581
-2.9236 -2.49495 0.428652
-2.9161 -2.47378 0.442312
-2.90842 -2.46732 0.441096
-2.90004 -2.46081 0.439225
-2.89131 -2.45468 0.436628
-2.88311 -2.43456 0.448551
-2.87194 -2.42865 0.443285
-2.86496 -2.42281 0.44215
-2.8585 -2.41711 0.441389
-2.85222 -2.39758 0.454634
-2.84611 -2.39191 0.454196
-2.84 -2.38652 0.45348
-2.83354 -2.38112 0.452423
-2.82604 -2.36255 0.463487
-2.81766 -2.35706 0.460598
-2.80509 -2.35174 0.453354
-2.79654 -2.34677 0.44977
-2.78799 -2.3293 0.458691
-2.77996 -2.32421 0.45575
-2.77211 -2.31924 0.452868
-2.76495 -2.31438 0.45057
-2.75797 -2.30967 0.448302
-2.75081 -2.29258 0.458235
-2.73982 -2.28781 0.45201
-2.73196 -2.28316 0.448806
-2.72394 -2.27866 0.445272
-2.71591 -2.26205 0.453859
-2.70823 -2.25769 0.450541
-2.70055 -2.2534 0.44715
-2.69252 -2.24926 0.443261
-2.68467 -2.2331 0.451564
-2.67681 -2.22888 0.447935
-2.66494 -2.22484 0.440106
-2.65674 -2.221 0.435737
-2.64854 -2.20517 0.443372
-2.64016 -2.2013 0.43886
-2.63231 -2.19756 0.434747
-2.62463 -2.194 0.43063
-2.61747 -2.17819 0.439285
-2.61014 -2.17464 0.435504
-2.59845 -2.17111 0.427339
-2.59024 -2.16781 0.422434
-2.58204 -2.15196 0.430078
-2.57401 -2.14867 0.42534
-2.56581 -2.14553 0.42028
-2.55795 -2.14253 0.415422
-2.55028 -2.12647 0.423803
-2.54242 -2.12345 0.418975
-2.53457 -2.12054 0.414027
-2.52287 -2.11775 0.405122
-2.51484 -2.10128 0.413561
-2.50647 -2.09857 0.407894
-2.49826 -2.09595 0.402317
-2.48954 -2.07911 0.410431
-2.48133 -2.07655 0.404784
-2.47331 -2.07408 0.399227
-2.46528 -2.07179 0.39349
-2.45358 -2.05418 0.399404
-2.44556 -2.05191 0.393644
-2.43753 -2.04975 0.387777
-2.42932 -2.04773 0.381596
-2.42095 -2.02921 0.391738
-2.41239 -2.02719 0.385207
-2.40419 -2.02528 0.378909
-2.39599 -2.02356 0.372428
-2.38778 -2.00409 0.3837
-2.37557 -2.00226 0.373306
-2.36719 -2.00062 0.366572
-2.35864 -1.98016 0.378475
-2.35043 -1.97852 0.371918
-2.34223 -1.97701 0.365221
-2.3342 -1.97565 0.358548
-2.326 -1.95386 0.372137
-2.31815 -1.95239 0.365752
-2.3061 -1.95103 0.355071
-2.29808 -1.92807 0.370007
-2.29022 -1.92673 0.363487
-2.28219 -1.92549 0.356705
-2.27416 -1.9244 0.349767
-2.26648 -1.89989 0.366598
-2.25863 -1.89869 0.35994
-2.25095 -1.89762 0.353332
-2.2431 -1.89667 0.346427
-2.23071 -1.87058 0.36013
-2.22215 -1.86955 0.3526
-2.21343 -1.86867 0.344759
-2.2047 -1.84132 0.363375
-2.19615 -1.84033 0.355815
-2.1876 -1.83945 0.348146
-2.17939 -1.83871 0.340678
-2.17136 -1.80987 0.361496
-2.1595 -1.80894 0.350556
-2.15182 -1.8082 0.343617
-2.14414 -1.77834 0.3658
-2.13628 -1.7774 0.358882
-2.12825 -1.77657 0.351688
-2.12005 -1.77589 0.344162
-2.11202 -1.74465 0.367377
-2.10417 -1.74374 0.36043
-2.09631 -1.74294 0.353374
-2.0848 -1.71107 0.373726
-2.07694 -1.71011 0.366827
-2.06874 -1.70929 0.359449
-2.06036 -1.70859 0.351768
-2.05198 -1.67644 0.375544
-2.04361 -1.67549 0.368116
-2.0354 -1.67468 0.360722
-2.02685 -1.67404 0.352815
-2.0183 -1.64166 0.376636
-2.00538 -1.64073 0.364653
-1.99666 -1.63998 0.356673
-1.98776 -1.60827 0.379487
-1.97938 -1.60733 0.372049
-1.97117 -1.60654 0.364636
-1.96297 -1.60588 0.357087
-1.95459 -1.57512 0.379473
-1.94622 -1.57417 0.37205
-1.934 -1.57335 0.360651
-1.92615 -1.57276 0.353387
-1.91812 -1.54307 0.375048
-1.90974 -1.54224 0.367503
-1.90119 -1.54151 0.359679
-1.89246 -1.51337 0.379087
-1.88391 -1.51248 0.371424
-1.87536 -1.51173 0.363622
-1.86698 -1.51112 0.355855
-1.85441 -1.48455 0.369861
-1.84603 -1.48378 0.362256
-1.83818 -1.48316 0.355025
-1.8305 -1.48267 0.34783
-1.82265 -1.45775 0.364897
-1.8141 -1.45707 0.35703
-1.80537 -1.4565 0.348867
-1.79629 -1.43347 0.362826
-1.78303 -1.43282 0.35021
-1.77448 -1.43238 0.342099
-1.76558 -1.43207 0.333504
-1.75685 -1.41087 0.345976
-1.74812 -1.41045 0.337671
-1.73957 -1.41019 0.329384
-1.73154 -1.39094 0.3406
-1.72369 -1.3906 0.333088
-1.71548 -1.39037 0.325109
-1.70257 -1.39029 0.312282
-1.69419 -1.37276 0.321428
-1.68599 -1.3727 0.313286
-1.67796 -1.37278 0.305183
-1.66976 -1.35704 0.312719
-1.6612 -1.35708 0.30412
-1.65248 -1.35728 0.2952
-1.64375 -1.34329 0.300465
-1.63066 -1.3435 0.287164
-1.62141 -1.34394 0.277475
-1.61199 -1.34453 0.267453
-1.60256 -1.3322 0.270358
-1.59349 -1.33289 0.260596
-1.58476 -1.33374 0.251021
-1.57621 -1.32292 0.253284
-1.56783 -1.32386 0.24397
-1.55945 -1.32497 0.234482
-1.54654 -1.31564 0.230896
-1.53764 -1.31695 0.220688
-1.52873 -1.31842 0.210312
-1.52001 -1.31057 0.209441
-1.51163 -1.31216 0.199467
-1.50325 -1.31395 0.189301
-1.49453 -1.30726 0.187269
-1.48545 -1.30921 0.176235
-1.47166 -1.31144 0.160221
-1.46241 -1.3061 0.156314
-1.45316 -1.30863 0.144529
-1.44426 -1.30445 0.139813
-1.43553 -1.30725 0.128287
-1.42698 -1.31021 0.116767
-1.41843 -1.30692 0.111506
-1.4097 -1.31018 0.0995236
-1.4008 -1.31374 0.0870604
-1.38771 -1.3114 0.0763096
-1.37846 -1.31527 0.0631904
-1.36886 -1.31385 0.0550122
-1.35909 -1.31824 0.0408491
-1.34966 -1.32284 0.0268266
-1.34111 -1.3222 0.0189108
-1.33343 -1.32715 0.00628294
-1.32732 -1.32711 0.000210464
-1.32017 -1.33257 -0.0124013
-1.31615 -1.33313 -0.0169774
-1.31319 -1.33884 -0.0256507
-1.31109 -1.34443 -0.0333421
-1.3097 -1.34465 -0.0349578
-1.30847 -1.35015 -0.0416727
-1.30812 -1.35021 -0.0420885
-1.30795 -1.35569 -0.0477407
-1.3083 -1.35542 -0.0471165
-1.30952 -1.36075 -0.0512257
-1.31109 -1.36598 -0.054885
-1.31319 -1.36499 -0.0518068
-1.31528 -1.36999 -0.054706
-1.31755 -1.36832 -0.0507724
-1.32017 -1.37305 -0.0528843
-1.32348 -1.37078 -0.0473001
-1.3268 -1.37529 -0.0484945
-1.33169 -1.37977 -0.0480879
-1.33465 -1.37648 -0.0418232
-1.33745 -1.38058 -0.0431306
-1.33989 -1.37638 -0.0364951
-1.34268 -1.38017 -0.0374916
-1.34513 -1.37516 -0.0300306
-1.34774 -1.37867 -0.0309265
-1.35019 -1.37287 -0.0226819
-1.35211 -1.37605 -0.0239457
-1.3549 -1.37922 -0.0243212
-1.3563 -1.37223 -0.0159334
-1.35752 -1.37499 -0.0174762
-1.35839 -1.36712 -0.00873494
-1.35874 -1.36962 -0.0108813
-1.35926 -1.36099 -0.00172836
-1.35961 -1.36324 -0.00363273
-1.35979 -1.35385 0.0059313
-1.36014 -1.35581 0.00432709
-1.35996 -1.34576 0.0142029
-1.35996 -1.34739 0.012574
-1.35996 -1.33689 0.0230749
-1.35961 -1.3382 0.0214131
-1.35891 -1.33949 0.0194246
-1.35787 -1.3282 0.0296674
-1.3563 -1.3292 0.0270931
-1.35455 -1.31774 0.0368074
-1.35141 -1.31853 0.0328742
-1.34914 -1.30744 0.0417043
-1.34705 -1.30801 0.039032
-1.34478 -1.29732 0.0474521
-1.34233 -1.2977 0.0446312
-1.33937 -1.28762 0.0517484
-1.33692 -1.28785 0.0490749
-1.33448 -1.27871 0.0557729
-1.33099 -1.27878 0.0522061
-1.3275 -1.27069 0.0568039
-1.32313 -1.2707 0.0524306
-1.3186 -1.26368 0.054917
-1.31388 -1.2637 0.0501834
-1.30935 -1.26384 0.0455076
-1.30481 -1.25771 0.0471002
-1.29992 -1.25789 0.0420298
-1.29451 -1.25277 0.0417379
-1.28701 -1.25306 0.033944
-1.28264 -1.24915 0.033493
-1.2788 -1.24959 0.0292119
-1.27549 -1.24708 0.02841
-1.272 -1.2476 0.024399
-1.26833 -1.24652 0.0218093
-1.26519 -1.24716 0.0180341
-1.26257 -1.24757 0.0150057
-1.25891 -1.2483 0.010602
-1.25646 -1.25034 0.00612678
-1.25419 -1.25123 0.00295999
-1.25192 -1.25491 -0.0029874
-1.25035 -1.25595 -0.00559673
-1.24861 -1.26118 -0.0125764
-1.24686 -1.2624 -0.0155414
-1.24529 -1.26898 -0.0236862
-1.2439 -1.2704 -0.0265081
-1.24233 -1.27827 -0.0359399
-1.24163 -1.27987 -0.0382385
-1.24128 -1.28892 -0.0476405
-1.24128 -1.29069 -0.0494094
-1.24163 -1.30071 -0.0590835
-1.24215 -1.30268 -0.0605318
-1.24337 -1.31371 -0.0703396
-1.24494 -1.31581 -0.0708702
-1.24774 -1.32752 -0.0797876
-1.25035 -1.32968 -0.0793272
-1.25367 -1.34119 -0.0875183
-1.25768 -1.34345 -0.0857689
-1.26187 -1.34564 -0.0837688
-1.26641 -1.35697 -0.0905595
-1.2713 -1.35913 -0.0878276
-1.27706 -1.36992 -0.0928648
-1.28317 -1.37206 -0.0888902
-1.29311 -1.38186 -0.0887469
-1.29975 -1.38382 -0.0840731
-1.30603 -1.39242 -0.0863909
-1.31214 -1.39427 -0.0821286
-1.31772 -1.40162 -0.0838999
-1.32331 -1.40334 -0.0800349
-1.32907 -1.40926 -0.0801965
-1.335 -1.41088 -0.0758811
-1.3439 -1.41236 -0.0684584
-1.34966 -1.41666 -0.0669931
-1.35507 -1.41787 -0.0627936
-1.36014 -1.42059 -0.0604547
-1.3652 -1.42162 -0.0564213
-1.37026 -1.42272 -0.0524592
-1.37514 -1.42356 -0.0484163
-1.37951 -1.42299 -0.0434834
-1.38317 -1.42361 -0.0404341
-1.38771 -1.4214 -0.0336883
-1.3905 -1.42177 -0.0312622
-1.3933 -1.41802 -0.0247208
-1.39591 -1.41818 -0.0222614
-1.39871 -1.41292 -0.0142125
-1.40185 -1.41283 -0.0109819
-1.40464 -1.40607 -0.00143346
-1.40691 -1.40568 0.0012318
-1.40953 -1.39771 0.0118176
-1.41058 -1.397 0.0135726
-1.41127 -1.38788 0.0233925
-1.41145 -1.38693 0.0245186
-1.41092 -1.37685 0.0340778
-1.41005 -1.37569 0.0343639
-1.40848 -1.3652 0.04328
-1.40639 -1.36387 0.0425195
-1.40447 -1.35315 0.0513193
-1.40132 -1.35168 0.049643
-1.39888 -1.3503 0.0485834
-1.39644 -1.33937 0.0570711
-1.39382 -1.33787 0.0559541
-1.3905 -1.32765 0.0628538
-1.38649 -1.32608 0.0604122
-1.38248 -1.31682 0.0656522
-1.37846 -1.31521 0.0632471
-1.37235 -1.30692 0.065434
-1.36816 -1.30538 0.0627879
-1.36397 -1.2983 0.0656714
-1.35979 -1.29683 0.0629554
-1.35525 -1.29093 0.0643189
-1.35001 -1.28951 0.0605016
-1.34408 -1.2849 0.0591771
-1.33849 -1.28367 0.0548246
-1.33343 -1.28076 0.052676
-1.32593 -1.27968 0.0462434
-1.32121 -1.27855 0.0426598
-1.31633 -1.27773 0.0386008
-1.31161 -1.27832 0.0332995
-1.30708 -1.27775 0.0293307
-1.30254 -1.27985 0.0226851
-1.29765 -1.27954 0.0181084
-1.29311 -1.28311 0.0100066
-1.28893 -1.28311 0.00581464
-1.28369 -1.28814 -0.00444626
-1.2809 -1.28849 -0.00759724
-1.27863 -1.29483 -0.0162061
-1.27671 -1.29546 -0.0187542
-1.27496 -1.30296 -0.0280017
-1.27357 -1.30384 -0.0302771
-1.27235 -1.31255 -0.0402082
-1.27182 -1.31368 -0.0418599
-1.27217 -1.32374 -0.0515691
-1.27304 -1.32506 -0.0520129
-1.27409 -1.33638 -0.0622934
-1.27549 -1.33786 -0.062369
-1.27741 -1.35033 -0.072928
-1.27968 -1.35197 -0.0722979
-1.28282 -1.36513 -0.0823148
-1.28613 -1.36692 -0.0807856
-1.28945 -1.36862 -0.0791727
-1.29556 -1.38247 -0.0869159
-1.30027 -1.38421 -0.0839413
-1.30551 -1.39833 -0.0928286
-1.31127 -1.4001 -0.0888369
-1.31772 -1.41411 -0.0963883
-1.32383 -1.41589 -0.0920568
-1.32959 -1.42963 -0.100041
-1.33535 -1.43144 -0.0960846
-1.3446 -1.44491 -0.100308
-1.35088 -1.44665 -0.0957612
-1.35734 -1.44823 -0.0908851
-1.36415 -1.46123 -0.0970789
-1.37131 -1.46277 -0.0914672
-1.37846 -1.47517 -0.0967064
-1.38562 -1.47666 -0.0910446
-1.39242 -1.48844 -0.0960152
-1.39888 -1.48984 -0.0909597
-1.40778 -1.50098 -0.0932
-1.41424 -1.50229 -0.0880498
-1.42105 -1.50344 -0.0823965
-1.4275 -1.51397 -0.0864632
-1.43379 -1.51502 -0.0812329
-1.44025 -1.52489 -0.0846426
-1.44688 -1.52589 -0.0790165
-1.45386 -1.53517 -0.0813105
-1.46433 -1.53606 -0.0717298
-1.47131 -1.54464 -0.0733269
-1.47847 -1.54529 -0.0668223
-1.48528 -1.54578 -0.0605062
-1.49156 -1.55383 -0.0622728
-1.49732 -1.5542 -0.0568774
-1.50238 -1.56183 -0.0594527
-1.50692 -1.56212 -0.0552007
-1.51146 -1.56947 -0.0580118
-1.51756 -1.56972 -0.0521585
-1.52175 -1.57679 -0.0550389
-1.52577 -1.57697 -0.0512024
-1.52943 -1.57704 -0.0476099
-1.5331 -1.58416 -0.0510582
-1.53624 -1.58422 -0.0479851
-1.53886 -1.59141 -0.0525503
-1.54147 -1.59151 -0.0500381
-1.54514 -1.59885 -0.0537076
-1.54776 -1.59898 -0.0512177
-1.55073 -1.60663 -0.0559094
-1.55404 -1.60681 -0.0527718
-1.55806 -1.6149 -0.0568411
-1.56207 -1.61508 -0.0530144
-1.56608 -1.61517 -0.0490837
-1.56975 -1.62378 -0.0540267
-1.57289 -1.62387 -0.0509833
-1.57778 -1.63317 -0.0553916
-1.58127 -1.63328 -0.0520166
-1.58511 -1.64334 -0.0582364
-1.58842 -1.64351 -0.0550864
-1.59174 -1.6544 -0.0626629
-1.59575 -1.65466 -0.0589048
-1.59994 -1.65482 -0.0548743
-1.60413 -1.66694 -0.0628128
-1.61007 -1.66717 -0.057105
-1.61373 -1.68043 -0.0667007
-1.6174 -1.68072 -0.0633188
-1.62141 -1.69523 -0.07382
-1.62508 -1.69566 -0.0705863
-1.62874 -1.7116 -0.0828573
-1.63258 -1.71221 -0.0796241
-1.63677 -1.72968 -0.0929068
-1.64131 -1.73047 -0.0891581
-1.64899 -1.73116 -0.0821763
-1.65475 -1.75043 -0.0956841
-1.66068 -1.75121 -0.0905324
-1.66714 -1.7721 -0.104962
-1.67429 -1.77303 -0.0987328
-1.68128 -1.79553 -0.114257
-1.68791 -1.79662 -0.108713
-1.69437 -1.79755 -0.103186
-1.70449 -1.82214 -0.117647
-1.71164 -1.82319 -0.111549
-1.71932 -1.84933 -0.130008
-1.72788 -1.8506 -0.122729
-1.73643 -1.87833 -0.141897
-1.74481 -1.87974 -0.134936
-1.75231 -1.88097 -0.128658
-1.75964 -1.9106 -0.150961
-1.76697 -1.91214 -0.14517
-1.77814 -1.94313 -0.164992
-1.786 -1.94489 -0.158892
-1.79367 -1.97675 -0.183073
-1.80135 -1.97878 -0.177427
-1.80886 -1.98065 -0.171792
-1.81619 -2.01395 -0.197763
-1.82317 -2.01618 -0.193004
-1.82963 -2.05032 -0.22069
-1.83923 -2.05293 -0.213701
-1.84621 -2.05528 -0.209073
-1.85424 -2.09055 -0.236316
-1.86314 -2.09326 -0.230123
-1.87187 -2.12917 -0.257307
-1.88024 -2.13213 -0.251887
-1.88827 -2.13491 -0.246638
-1.8963 -2.17156 -0.275257
-1.90433 -2.17469 -0.270363
-1.9169 -2.21191 -0.295018
-1.92562 -2.21523 -0.289609
-1.93452 -2.21835 -0.283828
-1.94308 -2.256 -0.312927
-1.9518 -2.2593 -0.307495
-1.96035 -2.26255 -0.302194
-1.96873 -2.30053 -0.331802
-1.97641 -2.30405 -0.327643
-1.98706 -2.30749 -0.320432
-1.99439 -2.34552 -0.35113
-2.00224 -2.34915 -0.346906
-2.01079 -2.35267 -0.341879
-2.01952 -2.39076 -0.371243
-2.02825 -2.3944 -0.366154
-2.0368 -2.39795 -0.361153
-2.04518 -2.43604 -0.390863
-2.05338 -2.43974 -0.386356
-2.0656 -2.44334 -0.37774
-2.07363 -2.4811 -0.407472
-2.08148 -2.48482 -0.403341
-2.08951 -2.48851 -0.399005
-2.09754 -2.49189 -0.39435
-2.10557 -2.53008 -0.424515
-2.11359 -2.53387 -0.420279
-2.12162 -2.53758 -0.415955
-2.13349 -2.57572 -0.442234
-2.14152 -2.57949 -0.437966
-2.14955 -2.58303 -0.433483
-2.15705 -2.58626 -0.42921
-2.16438 -2.62441 -0.460027
-2.17206 -2.62823 -0.456163
-2.17957 -2.63197 -0.4524
-2.18637 -2.66999 -0.483619
-2.19353 -2.67367 -0.480145
-2.2054 -2.67734 -0.471937
-2.21343 -2.68073 -0.467304
-2.22128 -2.71888 -0.497603
-2.22913 -2.72271 -0.493571
-2.23664 -2.7262 -0.48956
-2.2438 -2.72944 -0.485645
-2.25113 -2.76753 -0.516404
-2.25915 -2.77114 -0.511988
-2.27137 -2.77478 -0.503413
-2.27957 -2.77805 -0.498473
-2.28743 -2.81605 -0.528617
-2.29528 -2.81957 -0.524285
-2.30349 -2.82295 -0.519462
-2.31204 -2.82613 -0.51409
-2.32094 -2.8293 -0.50836
-2.32949 -2.8674 -0.537905
-2.33752 -2.87078 -0.533257
-2.34956 -2.87402 -0.524455
-2.35777 -2.87696 -0.519192
-2.36597 -2.91423 -0.548264
-2.37382 -2.91755 -0.54373
-2.38203 -2.92068 -0.538653
-2.39023 -2.92359 -0.533357
-2.39896 -2.92644 -0.527484
-2.40821 -2.96336 -0.55516
-2.42164 -2.96648 -0.544837
-2.43107 -2.9695 -0.538432
-2.44032 -2.97229 -0.531971
-2.44887 -3.00825 -0.559384
-2.45725 -3.01122 -0.553973
-2.46545 -3.01418 -0.548732
-2.47366 -3.01693 -0.543279
-2.48203 -3.01955 -0.537521
-2.48989 -3.05495 -0.565062
-2.50158 -3.05786 -0.556279
-2.50926 -3.06062 -0.551358
-2.51781 -3.06318 -0.545367
-2.52671 -3.09767 -0.570958
-2.53492 -3.10037 -0.565453
-2.54329 -3.10301 -0.55972
-2.55202 -3.10551 -0.553486
-2.56092 -3.10791 -0.546992
-2.57401 -3.1416 -0.567585
-2.58187 -3.14422 -0.562358
-2.59007 -3.14668 -0.556612
-2.5988 -3.14895 -0.550152
-2.60735 -3.15113 -0.543783
-2.6159 -3.18372 -0.567819
-2.62428 -3.18614 -0.561861
-2.63283 -3.18852 -0.555691
-2.64138 -3.19065 -0.549267
-2.65325 -3.19267 -0.539425
-2.66128 -3.22418 -0.562902
-2.67 -3.22641 -0.55641
-2.67908 -3.2287 -0.549621
-2.68816 -3.23074 -0.542581
-2.69618 -3.23259 -0.536405
-2.70386 -3.26277 -0.558906
-2.71172 -3.26486 -0.553146
-2.72341 -3.26699 -0.543578
-2.73161 -3.26883 -0.537211
-2.73947 -3.29717 -0.557701
-2.74715 -3.29914 -0.551988
-2.755 -3.30103 -0.546026
-2.76321 -3.30276 -0.539553
-2.77193 -3.30447 -0.53254
-2.78066 -3.3313 -0.550643
-2.78904 -3.33315 -0.544111
-2.80195 -3.33492 -0.53297
-2.81085 -3.33648 -0.525625
-2.81958 -3.33796 -0.518376
-2.82813 -3.36313 -0.534997
-2.83668 -3.36473 -0.528051
-2.84558 -3.36624 -0.52065
-2.85431 -3.36761 -0.513302
-2.86269 -3.36887 -0.506185
-2.8763 -3.39236 -0.516056
-2.8852 -3.39369 -0.508488
-2.89428 -3.39496 -0.500677
-2.90318 -3.39608 -0.492904
-2.91191 -3.41773 -0.505822
-2.92028 -3.4189 -0.498614
-2.92849 -3.41998 -0.491495
-2.93687 -3.42095 -0.484089
-2.94542 -3.4409 -0.495487
-2.95851 -3.44196 -0.483456
-2.96741 -3.44285 -0.475437
-2.97596 -3.44363 -0.467673
-2.98469 -3.4443 -0.459611
-2.99307 -3.46269 -0.469622
-3.00162 -3.4634 -0.461784
-3.01034 -3.46402 -0.453674
-3.01907 -3.4645 -0.445434
-3.03251 -3.48133 -0.448819
-3.04124 -3.48178 -0.440544
-3.05014 -3.48211 -0.431977
-3.05904 -3.48232 -0.423285
-3.06811 -3.49763 -0.429511
-3.07702 -3.49782 -0.420804
-3.08574 -3.49789 -0.412151
-3.09482 -3.49784 -0.403027
-3.10337 -3.51178 -0.408411
-3.11559 -3.5117 -0.396112
-3.12414 -3.51144 -0.387301
-3.13287 -3.52393 -0.391066
3.14142 -3.52363 -6.66505
3.13234 -3.52319 -6.65553
3.12327 -3.52263 -6.64589
3.11437 -3.52245 -6.63681
3.10581 -3.52278 -6.62859
3.0936 -3.523 -6.61659
3.08714 -3.5226 -6.60974
3.08225 -3.53378 -6.61603
3.07806 -3.53347 -6.61153
3.07387 -3.53347 -6.60735
3.06864 -3.53347 -6.6021
3.06113 -3.53327 -6.5944
3.05188 -3.53297 -6.58485
3.04263 -3.53274 -6.57537
3.03042 -3.53258 -6.563
3.02204 -3.53253 -6.55457
3.01174 -3.53243 -6.54417
3.00057 -3.5322 -6.53277
2.9887 -3.53186 -6.52056
2.97579 -3.53151 -6.5073
2.96287 -3.5312 -6.49407
2.95083 -3.5309 -6.48173
2.93512 -3.53054 -6.46566
2.9257 -3.53016 -6.45585
2.91627 -3.52975 -6.44602
2.90702 -3.52934 -6.43636
2.89794 -3.52893 -6.42687
2.88869 -3.52854 -6.41723
2.87892 -3.5281 -6.40702
2.86845 -3.52768 -6.39613
2.8571 -3.52721 -6.38431
2.84017 -3.52662 -6.3668
2.82935 -3.52608 -6.35543
2.81906 -3.52551 -6.34457
2.80858 -3.52504 -6.33362
2.79794 -3.52447 -6.32241
2.78799 -3.52382 -6.31181
2.77891 -3.52314 -6.30206
2.77106 -3.52253 -6.29359
2.76094 2.75008 -0.0108554
2.755 2.75058 -0.00442597
2.74994 2.75133 0.00138973
2.74593 2.75694 0.0110174
2.74278 2.76484 0.022058
2.74034 2.76283 0.022489
2.73772 2.77137 0.0336446
2.73511 2.77944 0.0443391
2.73336 2.77744 0.0440765
2.73231 2.78426 0.0519497
2.73196 2.79083 0.0588671
2.73179 2.79008 0.0582931
2.73231 2.79886 0.0665499
2.73406 2.8072 0.0731433
2.7358 2.80655 0.0707478
2.73615 2.81419 0.07804
2.73563 2.82225 0.0866162
2.73528 2.82243 0.0871545
2.73615 2.83035 0.0941995
2.73737 2.83018 0.092807
2.7386 2.83741 0.0988089
2.73982 2.84459 0.104771
2.74104 2.84438 0.103335
2.74244 2.85172 0.109289
2.74401 2.85899 0.114982
2.74575 2.85887 0.113119
2.74942 2.86564 0.11622
2.75273 2.87239 0.119653
2.7564 2.87231 0.115914
2.75989 2.87896 0.119068
2.76321 2.87892 0.115711
2.76635 2.88523 0.118883
2.76931 2.89138 0.122071
2.77228 2.89129 0.119009
2.77734 2.89741 0.120072
2.78066 2.90334 0.12268
2.78397 2.90316 0.119189
2.78764 2.90883 0.12119
2.79131 2.91443 0.123123
2.7948 2.91412 0.119327
2.79829 2.91939 0.121104
2.8016 2.91923 0.117624
2.80474 2.92424 0.119494
2.80963 2.92936 0.119728
2.81312 2.92962 0.116499
2.81644 2.93442 0.117982
2.8194 2.93904 0.119639
2.82255 2.93925 0.116703
2.82586 2.94359 0.117729
2.82953 2.9444 0.114873
2.83354 2.94858 0.115034
2.83773 2.95274 0.115006
2.84314 2.95414 0.110997
2.84663 2.95792 0.111288
2.84995 2.95996 0.110008
2.85309 2.96363 0.110545
2.85623 2.96716 0.110933
2.85937 2.97014 0.110769
2.86321 2.97355 0.11034
2.8674 2.9779 0.110497
2.87403 2.98112 0.107085
2.87892 2.98414 0.105217
2.88381 2.9897 0.10589
2.88869 2.99256 0.103862
2.89323 2.99985 0.106614
2.89794 3.0026 0.104655
2.90231 3.00526 0.102952
2.90597 3.01464 0.108669
2.90981 3.01721 0.107397
2.9154 3.02887 0.113469
2.91854 3.03139 0.112851
2.92151 3.04498 0.12347
2.92482 3.04746 0.122634
2.92866 3.04989 0.12123
2.93303 3.06552 0.132495
2.93739 3.06804 0.130654
2.9421 3.08564 0.143539
2.94891 3.08828 0.139367
2.95345 3.0907 0.137255
2.95781 3.11032 0.152512
2.962 3.11292 0.150922
2.96601 3.13428 0.168269
2.96968 3.13702 0.167343
2.97299 3.13965 0.166656
2.97596 3.16298 0.187021
2.97893 3.16584 0.186908
2.98416 -3.09215 -6.07632
2.98835 -3.08903 -6.07738
2.99219 -3.08605 -6.07825
2.99603 -3.0606 -6.05663
3.00022 -3.08509 -6.08532
3.00441 -3.08657 -6.09098
3.0086 -3.08667 -6.09527
3.01174 -3.08544 -6.09718
3.01575 -3.0604 -6.07616
3.01837 -3.06044 -6.07881
3.02134 -3.06092 -6.08226
3.02448 -3.08496 -6.10944
3.02675 -3.06063 -6.08738
3.0285 -3.06027 -6.08877
3.02954 -3.06027 -6.08981
3.03111 -3.0604 -6.09151
3.03408 -3.06049 -6.09457
3.04263 -3.06045 -6.10308
3.04979 -3.0603 -6.11009
3.05782 -3.06016 -6.11797
3.06672 -3.06011 -6.12682
3.07597 -3.0601 -6.13606
3.08452 -3.06007 -6.14459
3.09237 -3.05999 -6.15237
3.09901 -3.05992 -6.15893
3.10738 -3.0599 -6.16728
3.11227 -3.05988 -6.17215
3.11698 -3.05985 -6.17683
3.12274 -3.05982 -6.18256
3.12938 -3.05978 -6.18916
3.13671 -3.05976 -6.19647
-3.13932 -3.05975 0.0795752
-3.13217 -3.05974 0.0724249
-3.12554 -3.05974 0.065795
-3.11716 -3.05978 0.0573812
-3.11227 -3.06003 0.0522366
-3.10756 -3.03436 0.0731961
-3.10285 -3.03428 0.0685645
-3.09831 -3.00695 0.0913568
-3.09517 -3.00658 0.0885875
-3.09342 -3.00626 0.0871597
-3.09185 -2.97715 0.114703
-3.09063 -2.97623 0.114394
-3.08958 -2.94531 0.144269
-3.08644 -2.94382 0.142619
-3.08016 -2.94249 0.137667
-3.0716 -2.9098 0.161804
-3.06218 -2.90812 0.154062
-3.05258 -2.87442 0.178159
-3.04368 -2.87242 0.171255
-3.0353 -2.87074 0.164566
-3.02378 -2.83607 0.187715
-3.01663 -2.83421 0.182416
-3.00877 -2.83238 0.17639
-2.99987 -2.79672 0.203148
-2.99045 -2.79467 0.195781
-2.98032 -2.79281 0.187512
-2.96933 -2.75722 0.212109
-2.95781 -2.7551 0.202707
-2.94036 -2.75313 0.18723
-2.92954 -2.71754 0.211994
-2.91906 -2.71555 0.20351
-2.90946 -2.68067 0.228794
-2.89986 -2.67847 0.221397
-2.89044 -2.67638 0.214058
-2.88084 -2.64201 0.238832
-2.87107 -2.6397 0.23137
-2.86147 -2.63752 0.223949
-2.84646 -2.6038 0.242658
-2.83633 -2.60154 0.234794
-2.82604 -2.59945 0.226588
-2.81557 -2.56669 0.248879
-2.80509 -2.56442 0.240678
-2.79462 -2.56227 0.232349
-2.78415 -2.53062 0.253534
-2.77368 -2.52836 0.245319
-2.75814 -2.52624 0.231903
-2.74785 -2.49587 0.251973
-2.73772 -2.49369 0.244036
-2.72795 -2.49164 0.236308
-2.71835 -2.48983 0.228524
-2.70875 -2.46053 0.248219
-2.69845 -2.45851 0.239945
-2.68816 -2.45663 0.231524
-2.67786 -2.42912 0.24874
-2.66198 -2.42716 0.234813
-2.65116 -2.42548 0.225675
-2.64033 -2.39999 0.240349
-2.62934 -2.39821 0.23113
-2.61834 -2.39661 0.221733
-2.60752 -2.37303 0.234489
-2.59688 -2.37141 0.225466
-2.58605 -2.36999 0.216065
-2.57 -2.34835 0.221652
-2.55953 -2.34696 0.212561
-2.54923 -2.34576 0.203466
-2.5391 -2.32611 0.212992
-2.52916 -2.32491 0.204245
-2.51921 -2.32391 0.195298
-2.50926 -2.30611 0.203151
-2.49914 -2.3051 0.194041
-2.48866 -2.30426 0.184408
-2.47278 -2.28824 0.184542
-2.46214 -2.28758 0.17456
-2.45166 -2.28712 0.164549
-2.44137 -2.27303 0.168336
-2.43142 -2.27266 0.158755
-2.42147 -2.27249 0.148983
-2.41152 -2.26012 0.151404
-2.40157 -2.26005 0.141518
-2.38604 -2.26019 0.125848
-2.37574 -2.24956 0.126186
-2.36562 -2.24996 0.115654
-2.35515 -2.241 0.114151
-2.34485 -2.24161 0.103243
-2.33438 -2.24244 0.0919371
-2.32373 -2.23505 0.0886832
-2.31308 -2.23616 0.0769283
-2.30261 -2.23752 0.065093
-2.28725 -2.23165 0.0556082
-2.27765 -2.23337 0.0442846
-2.26823 -2.22899 0.0392375
-2.25915 -2.23105 0.0281058
-2.25078 -2.23331 0.017465
-2.2431 -2.23039 0.012705
-2.23629 -2.23293 0.00336031
-2.23036 -2.23112 -0.00076582
-2.22233 -2.23395 -0.0116203
-2.21744 -2.23695 -0.0195138
-2.21308 -2.23628 -0.0232024
-2.20959 -2.23932 -0.0297327
-2.20679 -2.23941 -0.0326132
-2.2047 -2.24251 -0.0378081
-2.20365 -2.24334 -0.0396888
-2.2033 -2.24645 -0.0431432
-2.2033 -2.24953 -0.0462252
-2.20383 -2.25083 -0.046999
-2.20435 -2.25376 -0.0494098
-2.20522 -2.25558 -0.050358
-2.20662 -2.25851 -0.0518897
-2.20819 -2.26134 -0.0531526
-2.20976 -2.26351 -0.0537468
-2.21133 -2.26626 -0.0549278
-2.21325 -2.26877 -0.0555184
-2.21622 -2.2715 -0.0552821
-2.21849 -2.27416 -0.0556748
-2.22058 -2.27694 -0.0563604
-2.2225 -2.27946 -0.0569541
-2.22477 -2.28253 -0.0577635
-2.22704 -2.28488 -0.0578381
-2.22913 -2.28724 -0.0581015
-2.23123 -2.29059 -0.0593581
-2.23367 -2.29286 -0.0591912
-2.23734 -2.2965 -0.0591656
-2.23978 -2.2987 -0.0589177
-2.2424 -2.30083 -0.0584265
-2.24484 -2.30461 -0.0597687
-2.24694 -2.30659 -0.0596498
-2.24921 -2.31062 -0.0614172
-2.25165 -2.31259 -0.0609447
-2.25374 -2.31451 -0.0607644
-2.25758 -2.3188 -0.0612184
-2.26003 -2.32062 -0.0605904
-2.26317 -2.32514 -0.0619709
-2.26648 -2.32691 -0.0604266
-2.2698 -2.3286 -0.058795
-2.27312 -2.33329 -0.0601774
-2.27608 -2.33486 -0.058779
-2.27888 -2.33978 -0.0609077
-2.28149 -2.34129 -0.0597978
-2.28551 -2.34278 -0.0572712
-2.28813 -2.34797 -0.0598385
-2.29057 -2.34937 -0.0588001
-2.29319 -2.35483 -0.0616423
-2.29633 -2.35618 -0.0598542
-2.29912 -2.36189 -0.0627722
-2.30191 -2.36321 -0.0612924
-2.30436 -2.36447 -0.0601104
-2.3075 -2.37053 -0.0630267
-2.30977 -2.37174 -0.0619744
-2.31204 -2.37808 -0.0660458
-2.31448 -2.37934 -0.0648546
-2.31727 -2.38056 -0.0632888
-2.32024 -2.38731 -0.0670729
-2.32286 -2.38848 -0.065619
-2.32548 -2.39551 -0.0700352
-2.32809 -2.39668 -0.0685849
-2.33281 -2.39781 -0.065004
-2.3363 -2.40525 -0.0689476
-2.33961 -2.40632 -0.0667064
-2.34328 -2.41405 -0.0707684
-2.34729 -2.4151 -0.0678108
-2.35148 -2.42315 -0.0716647
-2.35567 -2.42418 -0.0685064
-2.35969 -2.4251 -0.065414
-2.3651 -2.43345 -0.0683509
-2.36911 -2.43431 -0.0651975
-2.3733 -2.44289 -0.0695948
-2.37731 -2.44376 -0.0664508
-2.38098 -2.44454 -0.0635569
-2.38464 -2.45338 -0.0687362
-2.38813 -2.45417 -0.0660397
-2.39162 -2.46326 -0.0716386
-2.39529 -2.46409 -0.0687968
-2.40035 -2.47333 -0.0729795
-2.40314 -2.4741 -0.0709603
-2.40629 -2.47482 -0.0685374
-2.40943 -2.48422 -0.0747915
-2.41292 -2.48504 -0.0721265
-2.41693 -2.49452 -0.077584
-2.42042 -2.49535 -0.0749277
-2.42339 -2.50472 -0.0813344
-2.42653 -2.50559 -0.0790599
-2.43177 -2.50641 -0.0746409
-2.43578 -2.51553 -0.0797528
-2.43997 -2.51634 -0.0763714
-2.44433 -2.525 -0.0806626
-2.4487 -2.52577 -0.0770751
-2.45341 -2.53384 -0.0804264
-2.45847 -2.53461 -0.0761397
-2.46371 -2.53527 -0.0715637
-2.47191 -2.54243 -0.0705235
-2.47715 -2.54295 -0.0658068
-2.48221 -2.54895 -0.0667437
-2.48709 -2.54939 -0.0622989
-2.49163 -2.55432 -0.0626844
-2.496 -2.55466 -0.0586693
-2.50036 -2.55492 -0.054559
-2.50437 -2.55882 -0.0544442
-2.50856 -2.55898 -0.0504227
-2.5145 -2.56183 -0.0473361
2.07031 2.38964 0.319335
2.07031 2.38964 0.319335
2.07048 2.38964 0.319161
2.07048 2.38964 0.319161
2.07048 2.38964 0.319161
2.07048 2.38964 0.319161
2.07048 2.38964 0.319161
2.07031 2.38981 0.319503
2.07031 2.39325 0.322944
2.07031 2.39759 0.327278
2.07031 2.4026 0.33229
2.06979 2.40544 0.335651
2.06926 2.40786 0.338595
2.07066 2.41034 0.33968
2.07345 2.41492 0.341466
2.07624 2.41842 0.342178
2.07956 2.4218 0.342238
2.08584 2.427 0.341162
2.09527 2.42999 0.334722
2.10609 2.43302 0.326929
2.11621 2.43605 0.319839
2.12459 2.44144 0.31685
2.13506 2.44401 0.308953
2.14152 2.44633 0.304813
2.14763 2.44866 0.301028
2.15443 2.45415 0.299712
2.16229 2.45634 0.294048
2.17119 2.45846 0.287272
2.18096 2.4638 0.282837
2.19074 2.4657 0.274968
2.20575 2.46754 0.261798
2.21517 2.46911 0.253935
2.22425 2.47402 0.24977
2.2328 2.47539 0.242594
2.24153 2.47663 0.235104
2.25025 2.48119 0.230939
2.25933 2.48222 0.222887
2.26858 2.4831 0.214524
2.278 2.48735 0.209348
2.29144 2.48802 0.196579
2.29982 2.48843 0.188612
2.30785 2.49218 0.18433
2.3157 2.49238 0.17668
2.32373 2.49245 0.168718
2.33211 2.49581 0.163703
2.34084 2.49564 0.154805
2.34991 2.49531 0.145395
2.36422 2.49814 0.133913
2.37382 2.49741 0.123592
2.38342 2.49649 0.113071
2.39285 2.49858 0.105731
2.4021 2.49731 0.0952155
2.41065 2.49884 0.0881957
2.41938 2.49726 0.0778822
2.4288 2.4955 0.0667025
2.4384 2.49637 0.0579661
2.45323 2.49417 0.0409357
2.46231 2.49423 0.0319199
2.47034 2.49155 0.0212124
2.47749 2.48865 0.0111528
2.48378 2.48797 0.00419056
2.48936 2.48475 -0.00461176
2.49408 2.48352 -0.0105589
2.49809 2.48006 -0.0180299
2.50245 2.47832 -0.0241293
2.50437 2.47476 -0.0296153
2.50577 2.47118 -0.0345847
2.50647 2.46924 -0.03723
2.50647 2.46567 -0.0407936
2.50594 2.46347 -0.0424751
2.50542 2.45993 -0.0454922
2.5049 2.45644 -0.0484611
2.5042 2.45402 -0.0501741
2.50175 2.45058 -0.0511708
2.49879 2.44798 -0.0508037
2.4953 2.44474 -0.0505575
2.49146 2.44194 -0.049522
2.48727 2.43883 -0.0484386
2.48291 2.43582 -0.0470888
2.47872 2.43302 -0.0456968
2.47453 2.43017 -0.0443552
2.46859 2.42726 -0.0413357
2.4651 2.42466 -0.0404478
2.46161 2.4221 -0.0395107
2.45847 2.41917 -0.0393026
2.45568 2.4168 -0.0388779
2.45271 2.41372 -0.0389896
2.44974 2.4115 -0.0382483
2.44713 2.40809 -0.0390357
2.44451 2.40587 -0.038636
2.44049 2.40368 -0.0368152
2.43822 2.40009 -0.0381331
2.43683 2.39809 -0.0387433
2.43578 2.3943 -0.0414781
2.43508 2.39234 -0.0427439
2.43404 2.38824 -0.0457983
2.43212 2.38628 -0.0458344
2.4295 2.38433 -0.0451727
2.42444 2.37991 -0.0445318
2.42077 2.37816 -0.0426162
2.41693 2.37359 -0.0433397
2.41327 2.37188 -0.0413911
2.41013 2.37025 -0.0398728
2.40733 2.36549 -0.0418437
2.40471 2.36394 -0.0407796
2.4021 2.35892 -0.0431746
2.39948 2.35742 -0.0420566
2.39529 2.35209 -0.0432
2.3925 2.35062 -0.0418739
2.39005 2.34923 -0.0408238
2.38778 2.34368 -0.0441098
2.38534 2.34233 -0.0430111
2.3829 2.33657 -0.0463284
2.38028 2.33525 -0.0450255
2.37784 2.32927 -0.0485651
2.374 2.32792 -0.04608
2.37155 2.32665 -0.044901
2.36894 2.32041 -0.0485216
2.36597 2.31918 -0.0467925
2.36318 2.31279 -0.0503828
2.36021 2.31158 -0.0486242
2.35689 2.30511 -0.0517831
2.35358 2.30391 -0.0496654
2.35043 2.3028 -0.0476393
2.34537 2.2962 -0.0491765
2.34223 2.29515 -0.0470865
2.33892 2.28864 -0.0502756
2.3356 2.28759 -0.048008
2.33228 2.28118 -0.0510995
2.32914 2.28018 -0.0489596
2.32617 2.27393 -0.0522469
2.32321 2.27293 -0.0502796
2.32007 2.272 -0.0480639
2.315 2.26597 -0.0490342
2.31151 2.26509 -0.0464259
2.30767 2.25952 -0.0481536
2.30366 2.25869 -0.0449674
2.29965 2.25359 -0.0460598
2.29546 2.25284 -0.042617
2.29179 2.25219 -0.0396045
2.28865 2.2478 -0.0408522
2.28411 2.2472 -0.0369133
2.28132 2.24368 -0.0376363
2.27853 2.24316 -0.0353675
2.27539 2.24053 -0.0348517
2.27259 2.24008 -0.032513
2.2698 2.23969 -0.0301111
2.26701 2.23847 -0.0285373
2.26456 2.23815 -0.0264123
2.26247 2.23857 -0.0238985
2.25968 2.23834 -0.021337
2.25828 2.24042 -0.0178615
2.25706 2.24031 -0.0167515
2.25549 2.24402 -0.0114646
2.25374 2.24403 -0.00971205
2.25217 2.24943 -0.00273811
2.2506 2.24962 -0.000982279
2.24955 2.24984 0.000287775
2.24868 2.25711 0.00843043
2.24851 2.25751 0.00900123
2.24868 2.2663 0.0176204
2.24921 2.26687 0.017666
2.24973 2.27708 0.0273534
2.2506 2.27782 0.0272176
2.252 2.28947 0.0374735
2.25339 2.29039 0.0369976
2.25514 2.3035 0.0483559
2.25828 2.30462 0.0463371
2.26055 2.31917 0.0586163
2.26317 2.32043 0.0572574
2.26614 2.3216 0.0554616
2.26963 2.33774 0.0681143
2.27469 2.33899 0.0642979
2.28237 2.35664 0.0742745
2.29197 2.35805 0.0660817
2.30593 2.37711 0.0711858
2.31291 2.37837 0.0654581
2.31832 2.37945 0.061126
2.32251 2.40011 0.0776001
2.32635 2.40142 0.0750659
2.33071 2.42381 0.0930929
2.33543 2.42533 0.0899077
2.34084 2.44949 0.108659
2.34642 2.45126 0.104838
2.35323 2.47715 0.123922
2.35811 2.47907 0.12096
2.36352 2.48088 0.117357
2.36998 2.50881 0.138832
2.37714 2.51094 0.133798
2.38482 2.54072 0.155899
2.3925 2.54305 0.150553
2.39948 2.57426 0.174778
2.41013 2.57672 0.166597
2.4178 2.579 0.161197
2.42583 2.61223 0.186397
2.43404 2.61504 0.180999
2.44224 2.64984 0.207599
2.44922 2.65281 0.203594
2.45481 2.65547 0.200667
2.45969 2.69162 0.231928
2.4658 2.6946 0.2288
2.4768 2.73182 0.255028
2.48622 2.73519 0.248969
2.49757 2.73839 0.240828
2.50926 2.77619 0.266925
2.51921 2.77955 0.260343
2.52741 2.78281 0.255397
2.53457 2.82113 0.286562
2.54137 2.82457 0.283192
2.55062 2.8623 0.311676
2.55708 2.86591 0.308832
2.56424 2.86946 0.305225
2.57262 2.90599 0.333379
2.58152 2.9098 0.328288
2.59077 2.91354 0.322771
2.59984 2.94897 0.349132
2.60857 2.95276 0.344187
2.6166 2.95631 0.33971
2.62829 2.95978 0.331488
2.63615 2.99379 0.357648
2.64452 2.99751 0.352984
2.65325 3.00105 0.347803
2.66233 3.03289 0.370563
2.67175 3.03659 0.364841
2.68083 3.04011 0.359286
2.69008 3.06978 0.379704
2.70352 3.07344 0.369923
2.71224 3.07685 0.364611
2.72097 3.08 0.359032
2.72987 3.10745 0.377585
2.73877 3.1109 0.372127
2.74785 3.11412 0.366273
2.7571 3.13893 0.381833
2.76635 3.14224 0.375897
2.77542 3.14544 0.370015
2.78921 3.16768 0.37847
2.79846 3.17088 0.372423
2.80771 3.17403 0.366322
2.81679 3.17692 0.360131
2.82516 3.19664 0.371475
2.83284 3.19956 0.366711
2.84017 3.2023 0.36213
2.84803 3.21945 0.371426
2.86059 3.22239 0.361793
2.86984 3.22512 0.355271
2.87892 3.22759 0.348674
2.88782 3.2423 0.354481
2.89637 3.24484 0.348471
2.90423 3.24723 0.343
2.91191 3.25944 0.347529
2.91976 3.2618 0.342041
2.92779 3.26402 0.336231
2.94018 3.27379 0.333604
2.94891 3.27587 0.326958
2.95781 3.27783 0.32002
2.96689 3.28505 0.318167
2.97596 3.28682 0.310858
2.98504 3.28842 0.303386
2.99394 3.28994 0.296004
3.00284 3.2947 0.291866
3.01139 3.29603 0.284643
3.02413 3.29724 0.273107
3.03286 3.29954 0.266685
3.04176 3.30042 0.258664
3.05049 3.3004 0.24991
3.05904 3.301 0.241964
3.06794 3.30146 0.233522
3.07667 3.29905 0.222388
3.08557 3.29918 0.213615
3.09936 3.29914 0.199789
3.10843 3.29425 0.185814
3.11733 3.29372 0.176384
3.12623 3.293 0.166766
3.13531 3.28557 0.150265
-3.13897 3.28438 6.42335
-3.13025 3.27474 6.40499
-3.12152 3.27302 6.39454
-3.11262 3.27199 6.38461
-3.0997 3.2723 6.372
-3.09098 3.27345 6.36443
-3.08295 3.27346 6.35641
-3.07632 3.27213 6.34844
-3.07056 3.2708 6.34136
-3.06515 3.26093 6.32608
-3.06043 3.27117 6.3316
-3.05572 3.27126 6.32699
-3.04926 3.26092 6.31019
-3.04647 3.26019 6.30666
-3.04455 3.25998 6.30453
-3.04316 3.26004 6.3032
-3.04124 3.26004 6.30128
-3.03757 3.25982 6.29739
-3.03338 3.25957 6.29296
-3.03042 3.25932 6.28974
-3.02797 3.25918 6.28715
-3.02308 3.25904 6.28212
-3.01942 3.25887 6.27829
-3.01645 3.2587 6.27515
-3.01488 3.25875 6.27363
-3.01436 3.25877 6.27313
-3.01349 3.25877 6.27226
-3.01226 3.25877 6.27104
-3.01191 3.25877 6.27069
-3.01261 3.25877 6.27139
-3.01279 3.25877 6.27156
-3.01244 3.25877 6.27121
-3.01226 3.25877 6.27104
-3.01226 3.25877 6.27104
-3.01209 3.25877 6.27086
-3.01226 3.25877 6.27104
-3.01244 3.25877 6.27121
-3.01244 3.25877 6.27121
-3.01244 3.25877 6.27121
-3.01244 3.25877 6.27121
-3.01226 3.25877 6.27104
-3.01226 3.25877 6.27104
-3.01209 3.25877 6.27086
-3.01209 3.25877 6.27086
-3.01209 3.25877 6.27086
-3.01226 3.25877 6.27104
-3.01244 3.25877 6.27121
-3.01244 3.25877 6.27121
-3.01244 3.25877 6.27121
-3.01244 3.25877 6.27121
-3.01244 3.25877 6.27121
-3.01244 3.25877 6.27121
-3.01244 3.25877 6.27121
-3.01244 3.25877 6.27121
-3.01244 3.25877 6.27121
-3.01244 3.25877 6.27121
-3.01244 3.25877 6.27121
-3.01226 3.25877 6.27104
-3.01226 3.25877 6.27104
-3.01226 3.25877 6.27104
-3.01226 3.25877 6.27104
-3.01226 3.25877 6.27104
-3.01244 3.25877 6.27121
-3.01226 3.25877 6.27104
-3.01226 3.25877 6.27104
-3.01226 3.25877 6.27104
-3.01226 3.25877 6.27104
-3.01226 3.25877 6.27104
-3.01226 3.25877 6.27104
-3.01226 3.25877 6.27104
-3.01226 3.25877 6.27104
-3.01244 3.25877 6.27121
-3.01226 3.25877 6.27104
-3.01226 3.25877 6.27104
-3.01226 3.25877 6.27104
-3.01226 3.25877 6.27104
-3.01226 3.25877 6.27104
-3.01226 3.25877 6.27104
-3.01226 3.25877 6.27104
-3.01226 3.25877 6.27104
-3.01226 3.25877 6.27104
-3.01226 3.25877 6.27104
-3.01226 3.25877 6.27104
-3.01226 3.25877 6.27104
-3.01226 3.25877 6.27104
-3.01226 3.25877 6.27104
-3.01226 3.25877 6.27104
-3.01226 3.25877 6.27104
-3.01226 3.25877 6.27104
-3.01226 3.25877 6.27104
-3.01209 3.25877 6.27086
-3.01209 3.25877 6.27086
-3.01209 3.25877 6.27086
-3.01209 3.25877 6.27086
-3.01209 3.25877 6.27086
-3.01209 3.25877 6.27086
-3.01209 3.25877 6.27086
-3.01226 3.25877 6.27104
-3.01226 3.25877 6.27104
-3.01226 3.25877 6.27104
-3.01244 3.25877 6.27121
-3.01244 3.25877 6.27121
-3.01244 3.25877 6.27121
-3.01261 3.25877 6.27139
-3.01261 3.25877 6.27139
-3.01244 3.25877 6.27121
-3.01226 3.25877 6.27104
-3.01226 3.25877 6.27104
-3.01226 3.25877 6.27104
-3.01226 3.25877 6.27104
-3.01209 3.25877 6.27086
-3.01209 3.25877 6.27086
-3.01209 3.25877 6.27086
-3.01209 3.25877 6.27086
-3.01209 3.25877 6.27086
-3.01191 3.25877 6.27069
-3.01191 3.25877 6.27069
-3.01191 3.25877 6.27069
-3.01191 3.25877 6.27069
-3.01191 3.25877 6.27069
-3.01191 3.25877 6.27069
-3.01191 3.25877 6.27069
-3.01191 3.25877 6.27069
-3.01191 3.25877 6.27069
-3.01191 3.25877 6.27069
-3.01191 3.25877 6.27069
-3.01191 3.25877 6.27069
-3.01191 3.25877 6.27069
-3.01174 3.25877 6.27051
-3.01174 3.25877 6.27051
-3.01191 3.25877 6.27069
-3.01191 3.25877 6.27069
-3.01191 3.25877 6.27069
-3.01191 3.25877 6.27069
-3.01174 3.25877 6.27051
-3.01174 3.25877 6.27051
-3.01174 3.25877 6.27051
-3.01157 3.25877 6.27034
-3.01157 3.25877 6.27034
-3.01157 3.25877 6.27034
-3.01157 3.25877 6.27034
-3.01157 3.25877 6.27034
-3.01157 3.25877 6.27034
-3.01139 3.25877 6.27016
-3.01139 3.25877 6.27016
-3.01139 3.25877 6.27016
-3.01157 3.25877 6.27034
-3.01157 3.25877 6.27034
-3.01157 3.25877 6.27034
-3.01157 3.25877 6.27034
-3.01157 3.25877 6.27034
-3.01157 3.25877 6.27034
-3.01157 3.25877 6.27034
-3.01157 3.25877 6.27034
-3.01157 3.25877 6.27034
-3.01157 3.25877 6.27034
-3.01174 3.25877 6.27051
-3.01174 3.25877 6.27051
-3.01174 3.25877 6.27051
-3.01174 3.25877 6.27051
-3.01174 3.25877 6.27051
-3.01174 3.25877 6.27051
-3.01191 3.25877 6.27069
-3.01191 3.25877 6.27069
-3.01191 3.25877 6.27069
-3.01191 3.25877 6.27069
-3.01191 3.25877 6.27069
-3.01191 3.25877 6.27069
-3.01191 3.25877 6.27069
-3.01191 3.25877 6.27069
-3.01174 3.25877 6.27051
-3.01191 3.25877 6.27069
-3.01191 3.25877 6.27069
-3.01191 3.25877 6.27069
-3.01174 3.25877 6.27051
-3.01174 3.25877 6.27051
-3.01174 3.25877 6.27051
-3.01191 3.25877 6.27069
-3.01191 3.25877 6.27069
-3.01191 3.25877 6.27069
-3.01191 3.25877 6.27069
-3.01191 3.25877 6.27069
-3.01191 3.25877 6.27069
-3.01191 3.25877 6.27069
-3.01209 3.25877 6.27086
-3.01209 3.25877 6.27086
-3.01209 3.25877 6.27086
-3.01209 3.25877 6.27086
-3.01209 3.25877 6.27086
-3.01209 3.25877 6.27086
-3.01209 3.25877 6.27086
-3.01209 3.25877 6.27086
-3.01209 3.25877 6.27086
-3.01209 3.25877 6.27086
-3.01209 3.25877 6.27086
-3.01209 3.25877 6.27086
-3.01209 3.25877 6.27086
-3.01209 3.25877 6.27086
-3.01209 3.25877 6.27086
-3.01209 3.25877 6.27086
-3.01209 3.25877 6.27086
-3.01209 3.25877 6.27086
-3.01209 3.25877 6.27086
-3.01209 3.25877 6.27086
-3.01209 3.25877 6.27086
-3.01209 3.25877 6.27086
-3.01209 3.25877 6.27086
-3.01209 3.25877 6.27086
-3.01209 3.25877 6.27086
-3.01209 3.25877 6.27086
-3.01209 3.25877 6.27086
-3.01209 3.25877 6.27086
-3.01209 3.25877 6.27086
-3.01209 3.25877 6.27086
-3.01209 3.25877 6.27086
-3.01209 3.25877 6.27086
-3.01209 3.25877 6.27086
-3.01209 3.25877 6.27086
-3.01209 3.25877 6.27086
-3.01209 3.25877 6.27086
-3.01209 3.25877 6.27086
-3.01209 3.25877 6.27086
-3.01209 3.25877 6.27086
-3.01209 3.25877 6.27086
-3.01209 3.25877 6.27086
-3.01209 3.25877 6.27086
-3.01209 3.25877 6.27086
-3.01209 3.25877 6.27086
-3.01209 3.25877 6.27086
-3.01209 3.25877 6.27086
-3.01209 3.25877 6.27086
-3.01209 3.25877 6.27086
-3.01209 3.25877 6.27086
-3.01209 3.25877 6.27086
-3.01209 3.25877 6.27086
-3.01209 3.25877 6.27086
-3.01209 3.25877 6.27086
-3.01209 3.25877 6.27086
-3.01209 3.25877 6.27086
-3.01209 3.25877 6.27086
-3.01209 3.25877 6.27086
-3.01209 3.25877 6.27086
-3.01209 3.25877 6.27086
-3.01209 3.25877 6.27086
-3.01209 3.25877 6.27086
-3.01209 3.25877 6.27086
-3.01209 3.25877 6.27086
-3.01209 3.25877 6.27086
-3.01209 3.25877 6.27086
-3.01209 3.25877 6.27086
-3.01209 3.25877 6.27086
-3.01209 3.25877 6.27086
-3.01209 3.25877 6.27086
-3.01209 3.25877 6.27086
-3.01209 3.25877 6.27086
-3.01209 3.25877 6.27086
-3.01209 3.25877 6.27086
-3.01209 3.25877 6.27086
-3.01209 3.25877 6.27086
-3.01209 3.25877 6.27086
-3.01209 3.25877 6.27086
-3.01209 3.25877 6.27086
-3.01209 3.25877 6.27086
-3.01209 3.25877 6.27086
-3.01209 3.25877 6.27086
-3.01209 3.25877 6.27086
-3.01209 3.25877 6.27086
-3.01209 3.25877 6.27086
-3.01209 3.25877 6.27086
-3.01209 3.25877 6.27086
-3.01209 3.25877 6.27086
-3.01209 3.25877 6.27086
-3.01209 3.25877 6.27086
-3.01209 3.25877 6.27086
-3.01209 3.25877 6.27086
-3.01209 3.25877 6.27086
-3.01209 3.25877 6.27086
-3.01209 3.25877 6.27086
-3.01209 3.25877 6.27086
-3.01209 3.25877 6.27086
-3.01209 3.25877 6.27086
-3.01209 3.25877 6.27086
-3.01209 3.25877 6.27086
-3.01209 3.25877 6.27086
-3.01209 3.25877 6.27086
-3.01209 3.25877 6.27086
-3.01209 3.25877 6.27086
-3.01209 3.25877 6.27086
-3.01209 3.25877 6.27086
-3.01209 3.25877 6.27086
-3.01209 3.25877 6.27086
-3.01209 3.25877 6.27086
-3.01209 3.25877 6.27086
-3.01209 3.25877 6.27086
-3.01209 3.25877 6.27086
-3.01209 3.25877 6.27086
-3.01209 3.25877 6.27086
-3.01209 3.25877 6.27086
-3.01209 3.25877 6.27086
-3.01209 3.25877 6.27086
-3.01209 3.25877 6.27086
-3.01209 3.25877 6.27086
-3.01209 3.25877 6.27086
-3.01209 3.25877 6.27086
-3.01209 3.25877 6.27086
-3.01209 3.25877 6.27086
-3.01209 3.25877 6.27086
-3.01209 3.25877 6.27086
-3.01209 3.25877 6.27086
-3.01209 3.25877 6.27086
-3.01209 3.25877 6.27086
-3.01209 3.25877 6.27086
-3.01209 3.25877 6.27086
-3.01209 3.25877 6.27086
-3.01209 3.25877 6.27086
-3.01209 3.25877 6.27086
-3.01209 3.25877 6.27086
-3.01209 3.25877 6.27086
-3.01209 3.25877 6.27086
-3.01209 3.25877 6.27086
-3.01209 3.25877 6.27086
-3.01226 3.25877 6.27104
-3.01226 3.25898 6.27124
-3.01226 3.2719 6.28416
-3.01226 3.27645 6.28871
-3.01191 3.29029 6.3022
-3.01139 3.29614 6.30753
-3.01087 3.30794 6.31881
-3.01034 3.31289 6.32324
-3.01034 3.3224 6.33274
-3.01017 3.32689 6.33706
-3.00982 3.32802 6.33784
-3.0093 3.32652 6.33582
-3.00895 3.3252 6.33415
-3.00895 3.32588 6.33483
-3.0093 3.327 6.3363
-3.01017 3.32741 6.33758
-3.01069 3.32732 6.33801
-3.01122 3.32757 6.33879
-3.01174 3.3278 6.33954
-3.01226 3.3278 6.34006
-3.01314 3.3278 6.34093
-3.01401 3.32788 6.34189
-3.01471 3.32791 6.34261
-3.01506 3.32784 6.3429
-3.01488 3.32755 6.34244
-3.01558 3.32727 6.34285
-3.01593 3.32727 6.3432
-3.01575 3.32727 6.34302
-3.01593 3.32727 6.3432
-3.01628 3.32727 6.34354
-3.01645 3.32751 6.34396
-3.01628 3.329 6.34528
-3.01628 3.33511 6.35139
-3.01593 3.33896 6.35489
-3.01558 3.34336 6.35894
-3.01523 3.34575 6.36098
-3.01453 3.34777 6.3623
-3.01383 3.35067 6.36451
-3.01314 3.35328 6.36641
-3.01261 3.35701 6.36962
-3.01261 3.35655 6.36916
-3.01244 3.35916 6.3716
-3.01209 3.36202 6.37411
-3.01209 3.36526 6.37735
-3.01226 3.36313 6.37539
-3.01226 3.36611 6.37838
-3.01244 3.36893 6.38137
-3.01296 3.37171 6.38468
-3.01331 3.36718 6.38049
-3.01296 3.37043 6.38339
-3.01261 3.3735 6.38611
-3.01244 3.36659 6.37902
-3.01226 3.36956 6.38183
-3.01261 3.37267 6.38528
-3.01244 3.37584 6.38828
-3.01244 3.36697 6.37941
-3.01296 3.3703 6.38327
-3.01331 3.37352 6.38683
-3.01314 3.37666 6.3898
-3.01279 3.36507 6.37786
-3.01261 3.36758 6.38019
-3.01261 3.37003 6.38265
-3.01279 3.37248 6.38527
-3.01331 3.3746 6.38791
-3.01366 3.37579 6.38945
-3.01366 3.37611 6.38977
-3.01349 3.37588 6.38936
-3.01471 3.37591 6.39061
-3.01541 3.37605 6.39145
-3.01558 3.37639 6.39197
-3.01523 3.37671 6.39194
-3.01541 3.37654 6.39194
-3.01698 3.37616 6.39314
-3.02116 3.37565 6.39681
-3.0271 3.3752 6.4023
-3.03757 3.37479 6.41236
-3.0442 3.37424 6.41844
-3.04892 3.3737 6.42261
-3.05276 3.37322 6.42598
-3.05747 3.37255 6.43002
-3.06375 3.37166 6.43541
-3.07073 3.37077 6.4415
-3.07911 3.36986 6.44897
-3.09011 3.36894 6.45905
-3.1114 3.36812 6.47952
-3.12623 3.36745 6.49368
-3.14037 3.36682 6.50719
3.12903 3.38078 0.251752
3.11594 3.38034 0.264406
3.10372 3.37994 0.276225
3.09185 3.37963 0.287784
3.08068 3.37942 0.298737
3.06462 3.37926 0.314633
3.05293 3.37918 0.326248
3.04089 3.37912 0.338231
3.02902 3.37909 0.350068
3.0175 3.37908 0.361585
3.00633 3.37912 0.372793
2.99568 3.3792 0.383518
2.98434 3.37931 0.39497
2.97212 3.37944 0.407318
2.95292 3.37964 0.426721
2.94001 3.39212 0.452116
2.92744 3.39246 0.465023
2.91592 3.39271 0.476793
2.9051 3.39283 0.487729
2.89428 3.39289 0.498613
2.88363 3.39306 0.509429
2.87316 3.39337 0.520208
2.8592 3.39354 0.534345
2.8503 3.39356 0.543267
2.84157 3.39345 0.551884
2.83284 3.39345 0.560611
2.82359 3.39364 0.570051
2.81399 3.39384 0.579849
2.80457 3.394 0.589429
2.79514 3.39405 0.598908
2.78502 3.39414 0.609114
2.76896 3.39437 0.625404
2.75867 3.39462 0.635948
2.74924 3.39484 0.645596
2.74017 3.39497 0.654804
2.73092 3.39504 0.664122
2.72114 3.39521 0.674071
2.71067 3.3955 0.684831
2.70037 3.39576 0.695388
2.68624 3.39599 0.709755
2.67751 3.39615 0.71864
2.66861 3.39631 0.727704
2.65918 3.3964 0.737212
2.64941 3.39631 0.746901
2.64033 3.39631 0.755976
2.63265 3.39644 0.763789
2.6269 3.39667 0.769776
2.62253 3.39672 0.774185
2.61817 3.39695 0.77878
2.6152 3.39718 0.781982
2.61136 3.3977 0.78634
2.60682 3.39822 0.791401
2.60176 3.3987 0.796942
2.59635 3.39909 0.80274
2.59094 3.39929 0.808347
2.58623 3.39939 0.813158
2.58187 3.39944 0.817572
2.58082 3.39944 0.818619
2.58117 3.39944 0.81827
2.58152 3.39944 0.817921
2.58152 3.39944 0.817921
2.58152 3.39944 0.817921
2.58152 3.39944 0.817921
2.58152 3.39944 0.817921
2.58152 3.39944 0.817921
2.58152 3.39944 0.817921
2.58152 3.39944 0.817921
2.58152 3.39944 0.817921
2.58152 3.39944 0.817921
2.58152 3.39944 0.817921
2.58152 3.39944 0.817921
2.58152 3.39944 0.817921
2.58152 3.39944 0.817921
2.58169 3.39944 0.817746
2.58169 3.39944 0.817746
2.58169 3.39944 0.817746
2.58169 3.39944 0.817746
2.58169 3.39944 0.817746
2.58169 3.39944 0.817746
2.58169 3.39944 0.817746
2.58169 3.39944 0.817746
2.58169 3.39944 0.817746
2.58169 3.39944 0.817746
2.58169 3.39944 0.817746
2.58169 3.39944 0.817746
2.58169 3.39944 0.817746
2.58169 3.39944 0.817746
2.58169 3.39944 0.817746
2.58169 3.39944 0.817746
2.58169 3.39944 0.817746
2.58169 3.39944 0.817746
2.58169 3.39944 0.817746
2.58169 3.39944 0.817746
2.58169 3.39944 0.817746
2.58169 3.39944 0.817746
2.58169 3.39944 0.817746
2.58169 3.39944 0.817746
2.58169 3.39944 0.817746
2.58169 3.39944 0.817746
2.58169 3.39944 0.817746
2.58169 3.39944 0.817746
2.58169 3.39944 0.817746
2.58169 3.39944 0.817746
2.58169 3.39944 0.817746
2.58169 3.39944 0.817746
2.58169 3.39944 0.817746
2.58169 3.39944 0.817746
2.58169 3.39954 0.817847
2.58169 3.40146 0.819765
2.58169 3.40433 0.822636
2.58169 3.40855 0.826857
2.58274 3.4233 0.840564
2.58571 3.42785 0.842142
2.59112 3.43164 0.840527
2.59757 3.43514 0.837564
2.60351 3.43902 0.835513
2.61276 3.44381 0.831053
2.61922 3.45592 0.8367
2.62637 3.46043 0.834057
2.63423 3.46504 0.830818
2.64103 3.46979 0.82876
2.64644 3.4745 0.828054
2.65011 3.48414 0.834037
2.65325 3.48805 0.8348
2.65657 3.49205 0.83548
2.6625 3.49635 0.833846
2.66808 3.50053 0.832444
2.67524 3.50784 0.832602
2.68257 3.51172 0.829149
2.69025 3.51552 0.825267
2.6981 3.51923 0.821129
2.70526 3.52302 0.81776
2.71172 3.52791 0.816194
2.71992 3.53147 0.811544
2.72446 3.53482 0.810362
2.729 3.53831 0.80931
2.73301 3.54167 0.808657
2.73615 3.54444 0.808284
2.73842 3.54811 0.809685
2.74034 3.55181 0.811467
2.74156 3.55565 0.814086
2.74244 3.55709 0.814649
2.74331 3.56184 0.818531
2.74383 3.56646 0.822627
2.7447 3.56652 0.821815
2.74558 3.57091 0.825333
2.74645 3.57524 0.828786
2.7468 3.57318 0.826383
2.74645 3.57762 0.831166
2.7454 3.58206 0.836661
2.74418 3.57824 0.834056
2.74366 3.58249 0.838836
2.74191 3.58674 0.844823
2.73895 3.58151 0.842562
2.73493 3.58749 0.852558
2.73004 3.58251 0.852467
2.72551 3.58932 0.863818
2.72202 3.58283 0.860815
2.72027 3.58863 0.868359
2.72079 3.5798 0.859009
2.72202 3.56962 0.847609
2.72359 3.57485 0.851261
2.72673 3.56345 0.836721
2.73196 3.56716 0.835198
2.73877 3.56917 0.830402
2.7461 3.56879 0.822689
2.75308 3.56653 0.81345
2.76094 3.56596 0.80502
2.76513 3.56755 0.802422
2.76896 3.55233 0.783361
2.77246 3.5524 0.779944
2.77507 3.56846 0.793382
2.77734 3.5678 0.790453
2.77926 3.56853 0.789264
2.78083 3.55241 0.771578
2.78188 3.55257 0.770688
2.78293 3.55233 0.769398
2.78415 3.55227 0.768124
2.78572 3.55238 0.766656
2.78624 3.55244 0.766201
2.78624 3.55244 0.766201
2.78694 3.55241 0.765469
2.78834 3.55233 0.763988
2.78973 3.55231 0.762575
2.79061 3.55231 0.761702
2.79008 3.55231 0.762226
2.78991 3.55231 0.7624
2.78991 3.55231 0.7624
2.79008 3.55231 0.762226
2.79061 3.55231 0.761702
2.79113 3.55231 0.761179
2.79131 3.55231 0.761004
2.79131 3.55231 0.761004
2.79131 3.55231 0.761004
2.79096 3.55231 0.761353
2.79061 3.55231 0.761702
2.79061 3.55231 0.761702
2.79078 3.55231 0.761528
2.79113 3.55238 0.761245
2.79131 3.55338 0.762078
2.79148 3.55419 0.762711
2.79148 3.5546 0.763123
2.79427 3.55498 0.760709
2.80125 3.55556 0.754311
2.81068 3.55614 0.745462
2.8201 3.55655 0.736451
2.82848 3.53924 0.710756
2.83686 3.53981 0.702951
2.84628 3.54038 0.694095
2.85501 3.54085 0.685843
2.86513 3.54126 0.676132
2.87107 3.5417 0.670629
2.87805 3.5421 0.664053
2.88555 3.52441 0.638857
2.89271 3.52468 0.631976
2.90056 3.52493 0.624368
2.90877 3.52515 0.616385
2.91732 3.52534 0.60802
2.92657 3.50772 0.581152
2.93948 3.50772 0.568232
2.94804 3.50764 0.5596
2.95659 3.5075 0.550913
2.96514 3.48992 0.52478
2.97387 3.48954 0.515673
2.98207 3.48908 0.507009
2.99062 3.48856 0.497938
2.99935 3.47163 0.472279
3.01296 3.47078 0.457818
3.02204 3.46981 0.447777
3.03111 3.46878 0.437664
3.04054 3.45296 0.412422
3.04996 3.45154 0.40158
3.05904 3.45006 0.391021
3.06811 3.43557 0.367456
3.07736 3.43358 0.35622
3.08644 3.43153 0.345087
3.09936 3.41875 0.319399
3.10861 3.4162 0.307598
3.11768 3.41353 0.295848
3.12676 3.40285 0.276092
3.13601 3.39976 0.263756
-3.1381 3.39638 6.53448
-3.12903 3.38775 6.51678
-3.1203 3.38405 6.50435
-3.10704 3.38348 6.49052
-3.09831 3.38614 6.48445
-3.08976 3.38745 6.47721
-3.08138 3.38601 6.46739
-3.07405 3.38367 6.45772
-3.06794 3.38315 6.45109
-3.06323 3.38413 6.44735
-3.05939 3.38434 6.44372
-3.05485 3.3837 6.43855
-3.04874 3.38309 6.43183
-3.04682 3.38331 6.43013
-3.0456 3.38367 6.42927
-3.04333 3.38345 6.42678
-3.03967 3.38309 6.42275
-3.0353 3.38323 6.41854
-3.03076 3.38338 6.41415
-3.02553 3.3832 6.40872
-3.0175 3.383 6.4005
-3.01261 3.38304 6.39566
-3.00842 3.38308 6.39151
-3.00441 3.38284 6.38725
-3.00057 3.38272 6.38329
-2.99673 3.38272 6.37945
-2.99289 3.38272 6.37561
-2.98905 3.38248 6.37153
-2.98486 3.3824 6.36726
-2.97806 3.3824 6.36045
-2.97369 3.38227 6.35596
-2.9695 3.3821 6.3516
-2.96584 3.3821 6.34794
-2.9627 3.38206 6.34475
-2.9599 3.38197 6.34187
-2.95763 3.38192 6.33956
-2.95589 3.38188 6.33777
-2.9538 3.38188 6.33568
-2.95275 3.38184 6.33458
-2.95188 3.38175 6.33362
-2.951 3.3817 6.33271
-2.95013 3.38175 6.33188
-2.94926 3.38166 6.33092
-2.94873 3.38161 6.33035
-2.94856 3.38157 6.33013
-2.94821 3.38152 6.32973
-2.94751 3.38148 6.32899
-2.94699 3.38144 6.32842
-2.94664 3.38139 6.32803
-2.94629 3.38139 6.32768
-2.94612 3.38135 6.32746
-2.94612 3.38135 6.32746
-2.94594 3.3813 6.32724
-2.94577 3.3813 6.32707
-2.94542 3.3813 6.32672
-2.94524 3.3813 6.32654
-2.94524 3.38126 6.3265
-2.94524 3.38126 6.3265
-2.94507 3.38126 6.32632
-2.94507 3.38126 6.32632
-2.94489 3.38126 6.32615
-2.94489 3.38126 6.32615
-2.94489 3.38126 6.32615
-2.94489 3.38126 6.32615
-2.94489 3.38121 6.32611
-2.94472 3.38121 6.32593
-2.94472 3.38121 6.32593
-2.94472 3.38121 6.32593
-2.94472 3.38121 6.32593
-2.94454 3.38121 6.32576
-2.94454 3.38117 6.32571
-2.94454 3.38117 6.32571
-2.94437 3.38112 6.32549
-2.94437 3.38112 6.32549
-2.94437 3.38108 6.32545
-2.94437 3.38108 6.32545
-2.9442 3.38103 6.32523
-2.94385 3.38099 6.32483
-2.94332 3.3809 6.32422
-2.94297 3.38085 6.32382
-2.94228 3.38085 6.32313
-2.94175 3.38081 6.32256
-2.9414 3.38071 6.32212
-2.94105 3.38071 6.32177
-2.94088 3.38067 6.32155
-2.94053 3.38062 6.32116
-2.94018 3.38058 6.32076
-2.94001 3.38053 6.32054
-2.93948 3.38049 6.31997
-2.93879 3.38044 6.31923
-2.93844 3.3804 6.31883
-2.93826 3.38035 6.31861
-2.93791 3.38035 6.31826
-2.93739 3.38031 6.3177
-2.93704 3.38026 6.3173
-2.93687 3.38026 6.31713
-2.93687 3.38021 6.31708
-2.93652 3.38017 6.31669
-2.93617 3.38012 6.31629
-2.93599 3.38008 6.31607
-2.93564 3.38008 6.31572
-2.93512 3.38008 6.3152
-2.93495 3.38003 6.31498
-2.93477 3.38003 6.3148
-2.93477 3.37999 6.31476
-2.9346 3.37999 6.31458
-2.9346 3.37994 6.31454
-2.93442 3.37994 6.31436
-2.93442 3.37989 6.31432
-2.93425 3.37989 6.31414
-2.9339 3.37989 6.31379
-2.93355 3.37989 6.31344
-2.9332 3.37985 6.31305
-2.93303 3.37985 6.31287
-2.93303 3.37985 6.31287
-2.93303 3.37985 6.31287
-2.93285 3.37985 6.3127
-2.93285 3.3798 6.31265
-2.93268 3.3798 6.31248
-2.93268 3.3798 6.31248
-2.9325 3.3798 6.3123
-2.93233 3.3798 6.31213
-2.93233 3.3798 6.31213
-2.93233 3.3798 6.31213
-2.93233 3.37976 6.31208
-2.93233 3.37976 6.31208
-2.93233 3.37976 6.31208
-2.93215 3.37971 6.31186
-2.93215 3.37971 6.31186
-2.93198 3.37966 6.31164
-2.9318 3.37966 6.31147
-2.93146 3.37962 6.31107
-2.93111 3.37957 6.31068
-2.93076 3.37957 6.31033
-2.93058 3.37957 6.31015
-2.93023 3.37953 6.30976
-2.93023 3.37948 6.30971
-2.92988 3.37948 6.30936
-2.92971 3.37943 6.30914
-2.92954 3.37943 6.30897
-2.92936 3.37943 6.30879
-2.92919 3.37939 6.30857
-2.92884 3.37939 6.30822
-2.92866 3.37939 6.30805
-2.92866 3.37939 6.30805
-2.92866 3.37939 6.30805
-2.92849 3.37939 6.30787
-2.92849 3.37934 6.30783
-2.92831 3.37934 6.30765
-2.92831 3.37929 6.30761
-2.92831 3.37929 6.30761
-2.92814 3.37925 6.30739
-2.92796 3.37925 6.30721
-2.92779 3.3792 6.30699
-2.92779 3.3792 6.30699
-2.92762 3.37915 6.30677
-2.92727 3.37911 6.30637
-2.92709 3.37911 6.3062
-2.92674 3.37911 6.30585
-2.92674 3.37911 6.30585
-2.92657 3.37906 6.30563
-2.92657 3.37906 6.30563
-2.92657 3.37906 6.30563
-2.92639 3.37902 6.30541
-2.92622 3.37902 6.30523
-2.92604 3.37897 6.30501
-2.92587 3.37897 6.30484
-2.92552 3.37892 6.30444
-2.92535 3.37892 6.30427
-2.92517 3.37892 6.30409
-2.925 3.37892 6.30392
-2.925 3.37892 6.30392
-2.925 3.37892 6.30392
-2.92482 3.37892 6.30374
-2.92482 3.37892 6.30374
-2.92482 3.37892 6.30374
-2.92465 3.37892 6.30357
-2.92465 3.37892 6.30357
-2.92465 3.37892 6.30357
-2.92465 3.37892 6.30357
-2.92447 3.37892 6.3034
-2.92447 3.37892 6.3034
-2.92447 3.37892 6.3034
-2.92447 3.37892 6.3034
-2.92447 3.37892 6.3034
-2.92447 3.37892 6.3034
-2.92447 3.37892 6.3034
-2.92447 3.37892 6.3034
-2.9243 3.37892 6.30322
-2.9243 3.37892 6.30322
-2.9243 3.37892 6.30322
-2.9243 3.37892 6.30322
-2.9243 3.37892 6.30322
-2.9243 3.37892 6.30322
-2.92412 3.37892 6.30305
-2.92412 3.37892 6.30305
-2.92412 3.37892 6.30305
-2.92412 3.37892 6.30305
-2.92412 3.37892 6.30305
-2.92412 3.37892 6.30305
-2.92412 3.37892 6.30305
-2.92412 3.37892 6.30305
-2.92412 3.37892 6.30305
-2.92395 3.37892 6.30287
-2.92395 3.37892 6.30287
-2.92395 3.37892 6.30287
-2.92395 3.37892 6.30287
-2.92412 3.37892 6.30305
-2.92412 3.37892 6.30305
-2.92412 3.37892 6.30305
-2.92412 3.37892 6.30305
-2.92412 3.37892 6.30305
-2.92412 3.37892 6.30305
-2.92412 3.37888 6.303
-2.92412 3.37888 6.303
-2.92412 3.37888 6.303
-2.92412 3.37888 6.303
-2.92395 3.37888 6.30283
-2.92395 3.37888 6.30283
-2.92395 3.37888 6.30283
-2.92395 3.37888 6.30283
-2.92395 3.37888 6.30283
-2.92395 3.37888 6.30283
-2.92412 3.37888 6.303
-2.92412 3.37888 6.303
-2.92395 3.37888 6.30283
-2.92395 3.37888 6.30283
-2.92395 3.37888 6.30283
-2.92395 3.37888 6.30283
-2.92395 3.37888 6.30283
-2.92378 3.37888 6.30265
-2.92378 3.37888 6.30265
-2.92378 3.37888 6.30265
-2.92378 3.37888 6.30265
-2.92378 3.37888 6.30265
-2.92378 3.37888 6.30265
-2.92378 3.37888 6.30265
-2.92378 3.37888 6.30265
-2.92378 3.37888 6.30265
-2.92378 3.37888 6.30265
-2.92378 3.37888 6.30265
-2.9236 3.37888 6.30248
-2.9236 3.37888 6.30248
-2.9236 3.37888 6.30248
-2.9236 3.37888 6.30248
-2.9236 3.37888 6.30248
-2.92378 3.37888 6.30265
-2.9236 3.37888 6.30248
-2.9236 3.37888 6.30248
-2.9236 3.37883 6.30243
-2.9236 3.37883 6.30243
-2.9236 3.37883 6.30243
-2.9236 3.37883 6.30243
-2.9236 3.37883 6.30243
-2.9236 3.37883 6.30243
-2.9236 3.37883 6.30243
-2.92343 3.37883 6.30226
-2.92325 3.37878 6.30203
-2.92325 3.37878 6.30203
-2.92343 3.37878 6.30221
-2.92325 3.37869 6.30194
-2.92308 3.37869 6.30177
-2.92273 3.37864 6.30137
-2.92238 3.37864 6.30102
-2.92203 3.37864 6.30067
-2.92186 3.37864 6.3005
-2.92186 3.37859 6.30045
-2.92186 3.37859 6.30045
-2.92168 3.37855 6.30023
-2.92151 3.37855 6.30005
-2.92133 3.3785 6.29983
-2.92116 3.3785 6.29966
-2.92098 3.3785 6.29948
-2.92081 3.3785 6.29931
-2.92081 3.37845 6.29926
-2.92063 3.37845 6.29909
-2.92063 3.37845 6.29909
-2.92046 3.37845 6.29891
-2.92046 3.37845 6.29891
-2.92046 3.37845 6.29891
-2.92046 3.37845 6.29891
-2.92028 3.37845 6.29874
-2.92028 3.37845 6.29874
-2.92028 3.37845 6.29874
-2.92028 3.37845 6.29874
-2.92028 3.37845 6.29874
-2.92028 3.37845 6.29874
-2.92028 3.37845 6.29874
-2.92028 3.37845 6.29874
-2.92046 3.37845 6.29891
-2.92046 3.37845 6.29891
-2.92046 3.37845 6.29891
-2.92046 3.37845 6.29891
-2.92046 3.37845 6.29891
-2.92046 3.37845 6.29891
-2.92046 3.37845 6.29891
-2.92046 3.37845 6.29891
-2.92046 3.37845 6.29891
-2.92046 3.37845 6.29891
-2.92046 3.37845 6.29891
-2.92046 3.37845 6.29891
-2.92046 3.37845 6.29891
-2.92046 3.37845 6.29891
-2.92046 3.37845 6.29891
-2.92046 3.37841 6.29887
-2.92046 3.37841 6.29887
-2.92046 3.37841 6.29887
-2.92046 3.37841 6.29887
-2.92046 3.37841 6.29887
-2.92046 3.37841 6.29887
-2.92046 3.37841 6.29887
-2.92046 3.37841 6.29887
-2.92046 3.37841 6.29887
-2.92046 3.37841 6.29887
-2.92046 3.37841 6.29887
-2.92046 3.37841 6.29887
-2.92046 3.37841 6.29887
-2.92046 3.37841 6.29887
-2.92063 3.37841 6.29904
-2.92063 3.37841 6.29904
-2.92063 3.37841 6.29904
-2.92046 3.37841 6.29887
-2.92028 3.37836 6.29864
-2.92028 3.37831 6.2986
-2.92011 3.37831 6.29842
-2.92011 3.37831 6.29842
-2.91994 3.37826 6.2982
-2.91976 3.37826 6.29803
-2.91976 3.37822 6.29798
-2.91941 3.37822 6.29763
-2.91924 3.37817 6.29741
-2.91889 3.37817 6.29706
-2.91871 3.37817 6.29688
-2.91854 3.37817 6.29671
-2.91854 3.37817 6.29671
-2.91854 3.37812 6.29666
-2.91837 3.37812 6.29649
-2.91837 3.37812 6.29649
-2.91837 3.37812 6.29649
-2.91837 3.37812 6.29649
-2.91837 3.37812 6.29649
-2.91837 3.37812 6.29649
-2.91837 3.37812 6.29649
-2.91837 3.37812 6.29649
-2.91837 3.37812 6.29649
-2.91837 3.37812 6.29649
-2.91837 3.37812 6.29649
-2.91837 3.37812 6.29649
-2.91837 3.37812 6.29649
-2.91837 3.37812 6.29649
-2.91837 3.37812 6.29649
-2.91819 3.37812 6.29631
-2.91819 3.37812 6.29631
-2.91819 3.37812 6.29631
-2.91802 3.37812 6.29614
-2.91802 3.37812 6.29614
-2.91819 3.37812 6.29631
-2.91802 3.37812 6.29614
-2.91802 3.37812 6.29614
-2.91802 3.37812 6.29614
-2.91802 3.37812 6.29614
-2.91802 3.37812 6.29614
-2.91784 3.37812 6.29596
-2.91784 3.37812 6.29596
-2.91784 3.37812 6.29596
-2.91784 3.37812 6.29596
-2.91784 3.37812 6.29596
-2.91784 3.37812 6.29596
-2.91784 3.37812 6.29596
-2.91784 3.37812 6.29596
-2.91784 3.37812 6.29596
-2.91767 3.37812 6.29579
-2.91767 3.37812 6.29579
-2.91767 3.37812 6.29579
-2.91767 3.37812 6.29579
-2.91767 3.37812 6.29579
-2.91749 3.37812 6.29562
-2.91767 3.37812 6.29579
-2.91767 3.37812 6.29579
-2.91749 3.37812 6.29562
-2.91767 3.37812 6.29579
-2.91749 3.37812 6.29562
-2.91749 3.37812 6.29562
-2.91749 3.37812 6.29562
-2.91749 3.37812 6.29562
-2.91767 3.37812 6.29579
-2.91749 3.37812 6.29562
-2.91749 3.37812 6.29562
-2.91749 3.37808 6.29557
-2.91749 3.37808 6.29557
-2.91732 3.37808 6.29539
-2.91732 3.37808 6.29539
-2.91732 3.37808 6.29539
-2.91749 3.37808 6.29557
-2.91749 3.37803 6.29552
-2.91749 3.37803 6.29552
-2.91749 3.37798 6.29547
-2.91714 3.37798 6.29512
-2.91697 3.37798 6.29495
-2.91679 3.37798 6.29478
-2.91679 3.37793 6.29473
-2.91662 3.37793 6.29455
-2.91662 3.37793 6.29455
-2.91645 3.37793 6.29438
-2.91645 3.37793 6.29438
-2.91645 3.37793 6.29438
-2.91627 3.37793 6.2942
-2.91627 3.37793 6.2942
-2.91627 3.37793 6.2942
-2.91627 3.37793 6.2942
-2.91627 3.37793 6.2942
-2.91627 3.37793 6.2942
-2.91627 3.37793 6.2942
-2.91627 3.37793 6.2942
-2.91645 3.37793 6.29438
-2.91645 3.37793 6.29438
-2.91645 3.37793 6.29438
-2.91645 3.37793 6.29438
-2.91645 3.37793 6.29438
-2.91645 3.37793 6.29438
-2.91645 3.37793 6.29438
-2.91627 3.37793 6.2942
-2.91627 3.37793 6.2942
-2.91627 3.37793 6.2942
-2.9161 3.37793 6.29403
-2.9161 3.37793 6.29403
-2.9161 3.37793 6.29403
-2.9161 3.37793 6.29403
-2.9161 3.37793 6.29403
-2.9161 3.37793 6.29403
-2.91592 3.37793 6.29386
-2.91592 3.37793 6.29386
-2.91592 3.37793 6.29386
-2.91592 3.37793 6.29386
-2.91592 3.37793 6.29386
-2.91592 3.37793 6.29386
-2.91592 3.37793 6.29386
-2.91592 3.37793 6.29386
-2.91592 3.37793 6.29386
-2.91592 3.37793 6.29386
-2.91592 3.37793 6.29386
-2.91592 3.37793 6.29386
-2.91592 3.37793 6.29386
-2.91592 3.37793 6.29386
-2.91592 3.37793 6.29386
-2.91592 3.37793 6.29386
-2.91592 3.37793 6.29386
-2.9161 3.37793 6.29403
-2.91592 3.37793 6.29386
-2.91592 3.37793 6.29386
-2.91592 3.37793 6.29386
-2.91592 3.37793 6.29386
-2.91592 3.37793 6.29386
-2.91592 3.37793 6.29386
-2.91575 3.37793 6.29368
-2.91575 3.37793 6.29368
-2.91575 3.37793 6.29368
-2.91575 3.37793 6.29368
-2.91575 3.37793 6.29368
-2.91575 3.37793 6.29368
-2.91575 3.37793 6.29368
-2.91575 3.37793 6.29368
-2.91592 3.37793 6.29386
-2.91592 3.37793 6.29386
-2.91592 3.37793 6.29386
-2.91592 3.37793 6.29386
-2.91592 3.37793 6.29386
-2.91592 3.37793 6.29386
-2.91592 3.37793 6.29386
-2.91592 3.37793 6.29386
-2.91592 3.37793 6.29386
-2.91592 3.37793 6.29386
-2.91592 3.37793 6.29386
-2.91592 3.37793 6.29386
-2.91575 3.37793 6.29368
-2.91575 3.37793 6.29368
-2.91592 3.37793 6.29386
-2.91592 3.37793 6.29386
-2.91575 3.37793 6.29368
-2.91575 3.37793 6.29368
-2.91575 3.37793 6.29368
-2.91557 3.37793 6.29351
-2.91557 3.37793 6.29351
-2.91557 3.37793 6.29351
-2.91557 3.37793 6.29351
-2.91557 3.37793 6.29351
-2.91557 3.37793 6.29351
-2.91557 3.37793 6.29351
-2.91557 3.37793 6.29351
-2.91557 3.37793 6.29351
-2.91557 3.37793 6.29351
-2.91557 3.37793 6.29351
-2.91557 3.37793 6.29351
-2.91557 3.37793 6.29351
-2.91557 3.37793 6.29351
-2.91557 3.37793 6.29351
-2.91557 3.37793 6.29351
-2.91557 3.37793 6.29351
-2.91557 3.37793 6.29351
-2.91557 3.37793 6.29351
-2.91557 3.37793 6.29351
-2.91557 3.37793 6.29351
-2.9154 3.37793 6.29333
-2.9154 3.37793 6.29333
-2.91557 3.37793 6.29351
-2.91557 3.37793 6.29351
-2.91557 3.37793 6.29351
-2.91557 3.37793 6.29351
-2.91557 3.37793 6.29351
-2.91557 3.37793 6.29351
-2.91557 3.37793 6.29351
-2.91557 3.37793 6.29351
-2.91557 3.37793 6.29351
-2.91557 3.37793 6.29351
-2.9154 3.37793 6.29333
-2.9154 3.37793 6.29333
-2.9154 3.37793 6.29333
-2.9154 3.37793 6.29333
-2.91522 3.37793 6.29316
-2.9154 3.37793 6.29333
-2.91522 3.37793 6.29316
-2.91522 3.37793 6.29316
-2.91522 3.37793 6.29316
-2.91522 3.37793 6.29316
-2.91505 3.37793 6.29298
-2.91505 3.37793 6.29298
-2.91505 3.37793 6.29298
-2.91505 3.37793 6.29298
-2.91505 3.37793 6.29298
-2.91505 3.37793 6.29298
-2.91487 3.37793 6.29281
-2.91487 3.37793 6.29281
-2.91505 3.37793 6.29298
-2.91505 3.37793 6.29298
-2.91505 3.37793 6.29298
-2.91505 3.37793 6.29298
-2.91487 3.37793 6.29281
-2.91487 3.37793 6.29281
-2.91487 3.37793 6.29281
-2.91487 3.37793 6.29281
-2.91487 3.37793 6.29281
-2.9147 3.37793 6.29263
-2.9147 3.37793 6.29263
-2.91487 3.37793 6.29281
-2.9147 3.37793 6.29263
-2.9147 3.37793 6.29263
-2.9147 3.37793 6.29263
-2.91487 3.37793 6.29281
-2.91487 3.37793 6.29281
-2.91487 3.37793 6.29281
-2.9147 3.37793 6.29263
-2.9147 3.37793 6.29263
-2.9147 3.37793 6.29263
-2.9147 3.37793 6.29263
-2.9147 3.37793 6.29263
-2.9147 3.37793 6.29263
-2.9147 3.37793 6.29263
-2.9147 3.37793 6.29263
-2.9147 3.37793 6.29263
-2.9147 3.37793 6.29263
-2.9147 3.37793 6.29263
-2.91453 3.37793 6.29246
-2.91453 3.37793 6.29246
-2.91453 3.37793 6.29246
-2.91453 3.37793 6.29246
-2.91453 3.37793 6.29246
-2.91453 3.37793 6.29246
-2.9147 3.37793 6.29263
-2.9147 3.37793 6.29263
-2.91453 3.37793 6.29246
-2.91453 3.37793 6.29246
-2.91453 3.37793 6.29246
-2.91453 3.37789 6.29241
-2.91435 3.37789 6.29224
-2.91435 3.37789 6.29224
-2.91435 3.37789 6.29224
-2.91435 3.37789 6.29224
-2.91435 3.37789 6.29224
-2.91435 3.37789 6.29224
-2.91435 3.37789 6.29224
-2.91435 3.37789 6.29224
-2.91435 3.37789 6.29224
-2.91435 3.37789 6.29224
-2.91435 3.37789 6.29224
-2.91435 3.37789 6.29224
-2.91435 3.37789 6.29224
-2.91435 3.37789 6.29224
-2.91435 3.37789 6.29224
-2.91418 3.37789 6.29206
-2.91418 3.37789 6.29206
-2.91418 3.37789 6.29206
-2.91418 3.37789 6.29206
-2.914 3.37789 6.29189
-2.914 3.37789 6.29189
-2.914 3.37789 6.29189
-2.914 3.37789 6.29189
-2.914 3.37789 6.29189
-2.914 3.37789 6.29189
-2.91383 3.37789 6.29171
-2.91383 3.37789 6.29171
-2.91383 3.37789 6.29171
-2.914 3.37789 6.29189
-2.91383 3.37789 6.29171
-2.91383 3.37789 6.29171
-2.91383 3.37789 6.29171
-2.91383 3.37789 6.29171
-2.91365 3.37784 6.29149
-2.91365 3.37784 6.29149
-2.91348 3.37784 6.29132
-2.91348 3.37784 6.29132
-2.91348 3.37784 6.29132
-2.91348 3.37784 6.29132
-2.9133 3.37784 6.29114
-2.9133 3.37784 6.29114
-2.9133 3.37784 6.29114
-2.9133 3.37784 6.29114
-2.9133 3.37784 6.29114
-2.9133 3.37784 6.29114
-2.9133 3.37784 6.29114
-2.9133 3.37784 6.29114
-2.9133 3.37784 6.29114
-2.9133 3.37784 6.29114
-2.91348 3.37784 6.29132
-2.91348 3.37784 6.29132
-2.91348 3.37784 6.29132
-2.9133 3.37784 6.29114
-2.9133 3.37784 6.29114
-2.9133 3.37784 6.29114
-2.9133 3.37784 6.29114
-2.9133 3.37784 6.29114
-2.9133 3.37784 6.29114
-2.9133 3.37784 6.29114
-2.91313 3.37784 6.29097
-2.91313 3.37784 6.29097
-2.91313 3.37784 6.29097
-2.9133 3.37784 6.29114
-2.9133 3.37784 6.29114
-2.9133 3.37784 6.29114
-2.91313 3.37784 6.29097
-2.91313 3.37784 6.29097
-2.9133 3.37784 6.29114
-2.9133 3.37784 6.29114
-2.91313 3.37784 6.29097
-2.91313 3.37784 6.29097
-2.91313 3.37784 6.29097
-2.91313 3.37779 6.29092
-2.91295 3.37779 6.29075
-2.91313 3.37774 6.29087
-2.91295 3.3777 6.29065
-2.91278 3.3777 6.29048
-2.91261 3.3777 6.2903
-2.91226 3.37765 6.2899
-2.91191 3.37765 6.28956
-2.91191 3.37765 6.28956
-2.91191 3.37765 6.28956
-2.91191 3.37765 6.28956
-2.91191 3.37765 6.28956
-2.91191 3.37765 6.28956
-2.91191 3.37765 6.28956
-2.91191 3.37765 6.28956
-2.91173 3.37765 6.28938
-2.91173 3.37765 6.28938
-2.91173 3.37765 6.28938
-2.91173 3.37765 6.28938
-2.91173 3.37765 6.28938
-2.91173 3.37765 6.28938
-2.91173 3.37765 6.28938
-2.91191 3.37765 6.28956
-2.91191 3.37765 6.28956
-2.91173 3.37765 6.28938
-2.91173 3.37765 6.28938
-2.91156 3.37765 6.28921
-2.91156 3.37765 6.28921
-2.91156 3.37765 6.28921
-2.91138 3.37765 6.28903
-2.91138 3.37765 6.28903
-2.91138 3.37765 6.28903
-2.91138 3.37765 6.28903
-2.91138 3.37765 6.28903
-2.91138 3.37765 6.28903
-2.91138 3.37765 6.28903
-2.91138 3.37765 6.28903
-2.91138 3.37765 6.28903
-2.91138 3.37765 6.28903
-2.91121 3.37765 6.28886
-2.91121 3.37765 6.28886
-2.91121 3.37765 6.28886
-2.91121 3.37765 6.28886
-2.91121 3.37765 6.28886
-2.91121 3.37765 6.28886
-2.91121 3.37765 6.28886
-2.91121 3.37765 6.28886
-2.91121 3.37765 6.28886
-2.91121 3.37765 6.28886
-2.91121 3.37765 6.28886
-2.91121 3.37765 6.28886
-2.91121 3.37765 6.28886
-2.91121 3.37765 6.28886
-2.91121 3.37765 6.28886
-2.91103 3.37765 6.28868
-2.91103 3.37765 6.28868
-2.91103 3.37765 6.28868
-2.91103 3.37765 6.28868
-2.91103 3.37765 6.28868
-2.91103 3.37765 6.28868
-2.91103 3.37765 6.28868
-2.91103 3.37765 6.28868
-2.91103 3.37765 6.28868
-2.91103 3.37765 6.28868
-2.91103 3.37765 6.28868
-2.91103 3.37765 6.28868
-2.91103 3.37765 6.28868
-2.91086 3.37765 6.28851
-2.91086 3.37765 6.28851
-2.91069 3.37765 6.28833
-2.91069 3.37765 6.28833
-2.91069 3.37765 6.28833
-2.91069 3.37765 6.28833
-2.91051 3.37765 6.28816
-2.91051 3.37765 6.28816
-2.91051 3.37765 6.28816
-2.91051 3.37765 6.28816
-2.91034 3.37765 6.28798
-2.91034 3.37765 6.28798
-2.91034 3.37765 6.28798
-2.91034 3.37765 6.28798
-2.91034 3.37765 6.28798
-2.91034 3.37765 6.28798
-2.91034 3.37765 6.28798
-2.91034 3.37765 6.28798
-2.91034 3.37765 6.28798
-2.91016 3.37765 6.28781
-2.91034 3.37765 6.28798
-2.91034 3.37765 6.28798
-2.91034 3.37765 6.28798
-2.91034 3.37765 6.28798
-2.91016 3.37765 6.28781
-2.91016 3.37765 6.28781
-2.91016 3.37765 6.28781
-2.91016 3.37765 6.28781
-2.91016 3.37765 6.28781
-2.91016 3.37765 6.28781
-2.90999 3.37765 6.28764
-2.90999 3.37765 6.28764
-2.90981 3.37765 6.28746
-2.90981 3.37765 6.28746
-2.90981 3.37765 6.28746
-2.90981 3.37765 6.28746
-2.90981 3.37765 6.28746
-2.90981 3.37765 6.28746
-2.90981 3.37765 6.28746
-2.90981 3.37765 6.28746
-2.90964 3.37765 6.28729
-2.90964 3.37765 6.28729
-2.90946 3.37765 6.28711
-2.90946 3.37765 6.28711
-2.90929 3.37765 6.28694
-2.90929 3.37765 6.28694
-2.90929 3.37765 6.28694
-2.90929 3.37765 6.28694
-2.90929 3.37765 6.28694
-2.90929 3.37765 6.28694
-2.90911 3.37765 6.28676
-2.90911 3.37765 6.28676
-2.90911 3.37765 6.28676
-2.90911 3.37765 6.28676
-2.90911 3.37765 6.28676
-2.90911 3.37765 6.28676
-2.90911 3.37765 6.28676
-2.90911 3.37765 6.28676
-2.90911 3.37765 6.28676
-2.90894 3.37765 6.28659
-2.90894 3.37765 6.28659
-2.90894 3.37765 6.28659
-2.90894 3.37765 6.28659
-2.90894 3.37765 6.28659
-2.90894 3.37765 6.28659
-2.90894 3.37765 6.28659
-2.90877 3.37765 6.28641
-2.90877 3.37765 6.28641
-2.90877 3.37765 6.28641
-2.90877 3.37765 6.28641
-2.90894 3.37765 6.28659
-2.90894 3.37765 6.28659
-2.90894 3.37765 6.28659
-2.90877 3.37765 6.28641
-2.90877 3.37765 6.28641
-2.90877 3.37765 6.28641
-2.90877 3.37765 6.28641
-2.90859 3.37765 6.28624
-2.90859 3.37765 6.28624
-2.90859 3.37765 6.28624
-2.90859 3.37765 6.28624
-2.90842 3.37765 6.28606
-2.90842 3.37765 6.28606
-2.90824 3.37765 6.28589
-2.90824 3.37765 6.28589
-2.90824 3.37765 6.28589
-2.90824 3.37765 6.28589
-2.90824 3.37765 6.28589
-2.90824 3.37765 6.28589
-2.90824 3.37765 6.28589
-2.90824 3.37765 6.28589
-2.90824 3.37765 6.28589
-2.90824 3.37765 6.28589
-2.90824 3.37765 6.28589
-2.90824 3.37765 6.28589
-2.90824 3.37765 6.28589
-2.90824 3.37765 6.28589
-2.90824 3.37765 6.28589
-2.90824 3.37765 6.28589
-2.90824 3.37765 6.28589
-2.90824 3.37765 6.28589
-2.90824 3.37765 6.28589
-2.90807 3.37765 6.28572
-2.90807 3.37765 6.28572
-2.90807 3.37765 6.28572
-2.90807 3.37765 6.28572
-2.90807 3.37765 6.28572
-2.90807 3.37765 6.28572
-2.90807 3.37765 6.28572
-2.90807 3.37765 6.28572
-2.90807 3.37765 6.28572
-2.90789 3.37765 6.28554
-2.90789 3.37765 6.28554
-2.90807 3.37765 6.28572
-2.90807 3.37765 6.28572
-2.90807 3.37765 6.28572
-2.90807 3.37765 6.28572
-2.90807 3.37765 6.28572
-2.90789 3.37765 6.28554
-2.90789 3.37765 6.28554
-2.90789 3.37765 6.28554
-2.90772 3.37765 6.28537
-2.90772 3.37765 6.28537
-2.90772 3.37765 6.28537
-2.90772 3.37765 6.28537
-2.90772 3.37765 6.28537
-2.90772 3.37765 6.28537
-2.90772 3.37765 6.28537
-2.90772 3.37765 6.28537
-2.90754 3.37765 6.28519
-2.90754 3.37765 6.28519
-2.90772 3.37765 6.28537
-2.90772 3.37765 6.28537
-2.90772 3.37765 6.28537
-2.90754 3.37765 6.28519
-2.90754 3.37765 6.28519
-2.90754 3.37765 6.28519
-2.90754 3.37765 6.28519
-2.90754 3.37765 6.28519
-2.90754 3.37765 6.28519
-2.90754 3.37765 6.28519
-2.90754 3.37765 6.28519
-2.90754 3.37765 6.28519
-2.90737 3.37765 6.28502
-2.90737 3.37765 6.28502
-2.90737 3.37765 6.28502
-2.90754 3.37765 6.28519
-2.90737 3.37765 6.28502
-2.90737 3.37765 6.28502
-2.90737 3.37765 6.28502
-2.90737 3.37765 6.28502
-2.90737 3.37765 6.28502
-2.90737 3.37765 6.28502
-2.90737 3.37765 6.28502
-2.90719 3.37765 6.28484
-2.90719 3.37765 6.28484
-2.90719 3.37765 6.28484
-2.90719 3.37765 6.28484
-2.90719 3.37765 6.28484
-2.90719 3.37765 6.28484
-2.90719 3.37765 6.28484
-2.90719 3.37765 6.28484
-2.90719 3.37765 6.28484
-2.90719 3.37765 6.28484
-2.90719 3.37765 6.28484
-2.90702 3.37765 6.28467
-2.90702 3.37765 6.28467
-2.90702 3.37765 6.28467
-2.90719 3.37765 6.28484
-2.90719 3.37765 6.28484
-2.90719 3.37765 6.28484
-2.90719 3.37765 6.28484
-2.90719 3.37765 6.28484
-2.90719 3.37765 6.28484
-2.90719 3.37765 6.28484
-2.90719 3.37765 6.28484
-2.90719 3.37765 6.28484
-2.90719 3.37765 6.28484
-2.90702 3.37765 6.28467
-2.90702 3.37765 6.28467
-2.90702 3.37765 6.28467
-2.90719 3.37765 6.28484
-2.90702 3.37765 6.28467
-2.90719 3.37765 6.28484
-2.90719 3.37765 6.28484
-2.90719 3.37765 6.28484
-2.90719 3.37765 6.28484
-2.90702 3.37765 6.28467
-2.90702 3.37765 6.28467
-2.90702 3.37765 6.28467
-2.90719 3.37765 6.28484
-2.90719 3.37765 6.28484
-2.90719 3.37765 6.28484
-2.90719 3.37765 6.28484
-2.90719 3.37765 6.28484
-2.90737 3.37765 6.28502
-2.90737 3.37765 6.28502
-2.90737 3.37765 6.28502
-2.90737 3.37765 6.28502
-2.90737 3.37765 6.28502
-2.90737 3.37765 6.28502
-2.90737 3.37765 6.28502
-2.90737 3.37765 6.28502
-2.90737 3.37765 6.28502
-2.90737 3.37765 6.28502
-2.90737 3.37765 6.28502
-2.90719 3.37765 6.28484
-2.90719 3.37765 6.28484
-2.90719 3.37765 6.28484
-2.90719 3.37765 6.28484
-2.90719 3.37765 6.28484
-2.90719 3.37765 6.28484
-2.90719 3.37765 6.28484
-2.90719 3.37765 6.28484
-2.90719 3.37765 6.28484
-2.90719 3.37765 6.28484
-2.90702 3.37765 6.28467
-2.90702 3.37765 6.28467
-2.90702 3.37765 6.28467
-2.90702 3.37765 6.28467
-2.90702 3.37765 6.28467
-2.90702 3.37765 6.28467
-2.90685 3.37765 6.28449
-2.90685 3.37765 6.28449
-2.90685 3.37765 6.28449
-2.90685 3.37765 6.28449
-2.90702 3.37765 6.28467
-2.90702 3.37765 6.28467
-2.90702 3.37765 6.28467
-2.90685 3.37765 6.28449
-2.90685 3.37765 6.28449
-2.90685 3.37765 6.28449
-2.90685 3.37765 6.28449
-2.90685 3.37765 6.28449
-2.90685 3.37765 6.28449
-2.90667 3.37765 6.28432
-2.90667 3.37765 6.28432
-2.90667 3.37765 6.28432
-2.90667 3.37765 6.28432
-2.90667 3.37765 6.28432
-2.90667 3.37765 6.28432
-2.90667 3.37765 6.28432
-2.90667 3.37765 6.28432
-2.90667 3.37765 6.28432
-2.90667 3.37765 6.28432
-2.90667 3.37765 6.28432
-2.90667 3.37765 6.28432
-2.9065 3.37765 6.28414
-2.9065 3.37765 6.28414
-2.9065 3.37765 6.28414
-2.9065 3.37765 6.28414
-2.9065 3.37765 6.28414
-2.9065 3.37765 6.28414
-2.9065 3.37765 6.28414
-2.9065 3.37765 6.28414
-2.90632 3.37765 6.28397
-2.90632 3.37765 6.28397
-2.90632 3.37765 6.28397
-2.90632 3.37765 6.28397
-2.90632 3.37765 6.28397
-2.90632 3.37765 6.28397
-2.90632 3.37765 6.28397
-2.90632 3.37765 6.28397
-2.9065 3.37765 6.28414
-2.90632 3.37765 6.28397
-2.90632 3.37765 6.28397
-2.90632 3.37765 6.28397
-2.90632 3.37765 6.28397
-2.90632 3.37765 6.28397
-2.90632 3.37765 6.28397
-2.90632 3.37765 6.28397
-2.90632 3.37765 6.28397
-2.90632 3.37765 6.28397
-2.90632 3.37765 6.28397
-2.90615 3.37765 6.2838
-2.90615 3.37765 6.2838
-2.90615 3.37765 6.2838
-2.90615 3.37765 6.2838
-2.90615 3.37765 6.2838
-2.90615 3.37765 6.2838
-2.90615 3.37765 6.2838
-2.90597 3.37765 6.28362
-2.90597 3.37765 6.28362
-2.90597 3.37765 6.28362
-2.90597 3.37765 6.28362
-2.90597 3.37765 6.28362
-2.90597 3.37765 6.28362
-2.90597 3.37765 6.28362
-2.9058 3.37765 6.28345
-2.9058 3.37765 6.28345
-2.9058 3.37765 6.28345
-2.9058 3.37765 6.28345
-2.9058 3.37765 6.28345
-2.90562 3.37765 6.28327
-2.90562 3.37765 6.28327
-2.90562 3.37765 6.28327
-2.90562 3.37765 6.28327
-2.90562 3.37765 6.28327
-2.90562 3.37765 6.28327
-2.90562 3.37765 6.28327
-2.90562 3.37765 6.28327
-2.90562 3.37765 6.28327
-2.90562 3.37765 6.28327
-2.90562 3.37765 6.28327
-2.90562 3.37765 6.28327
-2.90562 3.37765 6.28327
-2.90562 3.37765 6.28327
-2.90562 3.37765 6.28327
-2.90562 3.37765 6.28327
-2.90545 3.37765 6.2831
-2.90545 3.37765 6.2831
-2.90528 3.37765 6.28292
-2.90528 3.37765 6.28292
-2.90528 3.37765 6.28292
-2.90545 3.37765 6.2831
-2.90545 3.37765 6.2831
-2.90545 3.37765 6.2831
-2.90545 3.37765 6.2831
-2.90528 3.37765 6.28292
-2.90528 3.37765 6.28292
-2.90545 3.37765 6.2831
-2.90545 3.37765 6.2831
-2.90528 3.37765 6.28292
-2.90528 3.37765 6.28292
-2.90528 3.37765 6.28292
-2.90528 3.37765 6.28292
-2.90528 3.37765 6.28292
-2.90528 3.37765 6.28292
-2.90528 3.37765 6.28292
-2.90528 3.37765 6.28292
-2.9051 3.37765 6.28275
-2.9051 3.37765 6.28275
-2.9051 3.37765 6.28275
-2.90528 3.37765 6.28292
-2.90528 3.37765 6.28292
-2.90528 3.37765 6.28292
-2.90528 3.37765 6.28292
-2.90528 3.37765 6.28292
-2.90528 3.37765 6.28292
-2.90528 3.37765 6.28292
-2.9051 3.37765 6.28275
-2.9051 3.37765 6.28275
-2.9051 3.37765 6.28275
-2.9051 3.37765 6.28275
-2.9051 3.37765 6.28275
-2.9051 3.37765 6.28275
-2.9051 3.37765 6.28275
-2.9051 3.37765 6.28275
-2.9051 3.37765 6.28275
-2.9051 3.37765 6.28275
-2.9051 3.37765 6.28275
-2.9051 3.37765 6.28275
-2.9051 3.37765 6.28275
-2.9051 3.37765 6.28275
-2.9051 3.37765 6.28275
-2.9051 3.37765 6.28275
-2.9051 3.37765 6.28275
-2.9051 3.37765 6.28275
-2.9051 3.37765 6.28275
-2.9051 3.37765 6.28275
-2.9051 3.37765 6.28275
-2.9051 3.37765 6.28275
-2.9051 3.37765 6.28275
-2.9051 3.37765 6.28275
-2.9051 3.37765 6.28275
-2.9051 3.37765 6.28275
-2.9051 3.37765 6.28275
-2.90493 3.37765 6.28257
-2.90493 3.37765 6.28257
-2.90493 3.37765 6.28257
-2.90493 3.37765 6.28257
-2.90493 3.37765 6.28257
-2.90475 3.37765 6.2824
-2.90475 3.37765 6.2824
-2.90475 3.37765 6.2824
-2.90475 3.37765 6.2824
-2.90458 3.37765 6.28222
-2.90458 3.37765 6.28222
-2.90458 3.37765 6.28222
-2.90458 3.37765 6.28222
-2.9044 3.37765 6.28205
-2.9044 3.37765 6.28205
-2.9044 3.37765 6.28205
-2.9044 3.37765 6.28205
-2.9044 3.37765 6.28205
-2.9044 3.37765 6.28205
-2.9044 3.37765 6.28205
-2.9044 3.37765 6.28205
-2.90458 3.37765 6.28222
-2.90458 3.37765 6.28222
-2.90458 3.37765 6.28222
-2.90458 3.37765 6.28222
-2.90458 3.37765 6.28222
-2.90458 3.37765 6.28222
-2.90458 3.37765 6.28222
-2.90458 3.37765 6.28222
-2.90458 3.37765 6.28222
-2.90458 3.37765 6.28222
-2.90458 3.37765 6.28222
-2.90475 3.37765 6.2824
-2.90475 3.37765 6.2824
-2.90475 3.37765 6.2824
-2.90475 3.37765 6.2824
-2.90475 3.37765 6.2824
-2.90475 3.37765 6.2824
-2.90475 3.37765 6.2824
-2.90475 3.37765 6.2824
-2.90458 3.37765 6.28222
-2.90458 3.37765 6.28222
-2.90458 3.37765 6.28222
-2.9044 3.37765 6.28205
-2.9044 3.37765 6.28205
-2.90458 3.37765 6.28222
-2.9044 3.37765 6.28205
-2.9044 3.37765 6.28205
-2.9044 3.37765 6.28205
-2.9044 3.37765 6.28205
-2.9044 3.37765 6.28205
-2.9044 3.37765 6.28205
-2.9044 3.37765 6.28205
-2.9044 3.37765 6.28205
-2.90458 3.37765 6.28222
-2.90458 3.37765 6.28222
-2.90458 3.37765 6.28222
-2.9044 3.37765 6.28205
-2.9044 3.37765 6.28205
-2.9044 3.37765 6.28205
-2.9044 3.37765 6.28205
-2.90423 3.37765 6.28188
-2.90423 3.37765 6.28188
-2.90405 3.37765 6.2817
-2.90423 3.37765 6.28188
-2.90405 3.37765 6.2817
-2.90405 3.37765 6.2817
-2.90405 3.37765 6.2817
-2.90405 3.37765 6.2817
-2.90405 3.37765 6.2817
-2.90405 3.37765 6.2817
-2.90405 3.37765 6.2817
-2.90405 3.37765 6.2817
-2.90405 3.37765 6.2817
-2.90405 3.37765 6.2817
-2.90405 3.37765 6.2817
-2.90405 3.37765 6.2817
-2.90405 3.37765 6.2817
-2.90405 3.37765 6.2817
-2.90405 3.37765 6.2817
-2.90388 3.37765 6.28153
-2.90388 3.37765 6.28153
-2.90388 3.37765 6.28153
-2.9037 3.37765 6.28135
-2.9037 3.37765 6.28135
-2.9037 3.37765 6.28135
-2.9037 3.37765 6.28135
-2.9037 3.37765 6.28135
-2.9037 3.37765 6.28135
-2.90353 3.37765 6.28118
-2.9037 3.37765 6.28135
-2.9037 3.37765 6.28135
-2.90353 3.37765 6.28118
-2.90353 3.37765 6.28118
-2.90353 3.37765 6.28118
-2.90353 3.37765 6.28118
-2.90353 3.37765 6.28118
-2.90353 3.37765 6.28118
-2.90353 3.37765 6.28118
-2.90336 3.37765 6.281
-2.90336 3.37765 6.281
-2.90318 3.37765 6.28083
-2.90318 3.37765 6.28083
-2.90318 3.37765 6.28083
-2.90318 3.37765 6.28083
-2.90318 3.37765 6.28083
-2.90318 3.37765 6.28083
-2.90318 3.37765 6.28083
-2.90318 3.37765 6.28083
-2.90318 3.37765 6.28083
-2.90318 3.37765 6.28083
-2.90318 3.37765 6.28083
-2.90318 3.37765 6.28083
-2.90318 3.37765 6.28083
-2.90318 3.37765 6.28083
-2.90318 3.37765 6.28083
-2.90318 3.37765 6.28083
-2.90318 3.37765 6.28083
-2.90318 3.37765 6.28083
-2.90318 3.37765 6.28083
-2.90318 3.37765 6.28083
-2.90318 3.37765 6.28083
-2.90318 3.37765 6.28083
-2.90318 3.37765 6.28083
-2.90318 3.37765 6.28083
-2.90318 3.37765 6.28083
-2.90301 3.37765 6.28065
-2.90301 3.37765 6.28065
-2.90301 3.37765 6.28065
-2.90301 3.37765 6.28065
-2.90301 3.37765 6.28065
-2.90301 3.37765 6.28065
-2.90318 3.37765 6.28083
-2.90301 3.37765 6.28065
-2.90301 3.37765 6.28065
-2.90301 3.37765 6.28065
-2.90301 3.37765 6.28065
-2.90301 3.37765 6.28065
-2.90301 3.37765 6.28065
-2.90301 3.37765 6.28065
-2.90301 3.37765 6.28065
-2.90301 3.37765 6.28065
-2.90301 3.37765 6.28065
-2.90301 3.37765 6.28065
-2.90301 3.37765 6.28065
-2.90301 3.37765 6.28065
-2.90301 3.37765 6.28065
-2.90301 3.37765 6.28065
-2.90301 3.37765 6.28065
-2.90301 3.37765 6.28065
-2.90301 3.37765 6.28065
-2.90318 2.0079 4.91108
-2.90318 2.0079 4.91108
-2.90318 2.0079 4.91108
-2.90318 2.00815 4.91134
-2.90318 2.00841 4.91159
-2.90301 2.00853 4.91154
-2.90336 2.00853 4.91189
-2.90475 2.00853 4.91328
-2.90719 2.00853 4.91573
-2.90894 2.00853 4.91747
-2.91086 2.00853 4.91939
-2.91383 2.00853 4.92236
-2.91784 2.00853 4.92637
-2.92168 2.00841 4.93009
-2.92552 2.00841 4.93393
-2.92971 2.00866 4.93837
-2.93337 2.00878 4.94216
-2.93652 2.00866 4.94518
-2.94123 2.00866 4.94989
-2.94437 2.00891 4.95328
-2.94769 2.00891 4.9566
-2.951 2.00904 4.96004
-2.95484 2.00929 4.96413
-2.95868 2.00929 4.96797
-2.96287 2.00941 4.97228
-2.96706 2.00954 4.9766
-2.97107 2.00941 4.98049
-2.97718 2.00929 4.98647
-2.98137 2.00941 4.99078
-2.98539 2.00954 4.99492
-2.9894 2.00941 4.99881
-2.99359 2.00941 5.003
-2.99813 2.00966 5.00779
-3.00284 2.00978 5.01262
-3.00773 2.00966 5.01739
-3.01471 2.00966 5.02437
-3.01907 2.00991 5.02898
-3.02343 2.01028 5.03371
-3.02745 2.01028 5.03773
-3.03164 2.01052 5.04216
-3.03635 2.01077 5.04712
-3.04106 2.01077 5.05183
-3.0456 2.01077 5.05637
-3.05014 2.01089 5.06103
-3.05694 2.01114 5.06808
-3.06113 2.01101 5.07215
-3.06532 2.01089 5.07621
-3.06986 2.01126 5.08112
-3.07475 2.01126 5.086
-3.07981 2.01126 5.09107
-3.08487 2.01138 5.09625
-3.08993 2.01162 5.10155
-3.09674 2.01174 5.10848
-3.10058 2.01174 5.11232
-3.10442 2.0121 5.11652
-3.10878 2.01246 5.12124
-3.11349 2.01246 5.12596
-3.11803 2.01246 5.1305
-3.12257 2.0127 5.13527
-3.12693 2.01282 5.13976
-3.13077 2.01282 5.14359
-3.13688 2.0127 5.14958
-3.14142 2.01294 5.15436
3.13705 2.01306 -1.12399
3.13217 2.01294 -1.11923
3.12693 2.01294 -1.11399
3.12152 2.0133 -1.10823
3.11611 2.01341 -1.1027
3.1107 2.01353 -1.09717
3.1025 2.01365 -1.08885
3.09726 2.01376 -1.0835
3.09237 2.01411 -1.07826
3.08749 2.01435 -1.07314
3.0826 2.01435 -1.06825
3.07841 2.01446 -1.06395
3.07405 2.01469 -1.05936
3.06951 2.01481 -1.0547
3.06497 2.01492 -1.05005
3.05799 2.01492 -1.04307
3.05276 2.01515 -1.0376
3.04752 2.01527 -1.03225
3.04211 2.01538 -1.02673
3.03652 2.01561 -1.02092
3.03059 2.01561 -1.01498
3.02483 2.01549 -1.00934
3.01907 2.01561 -1.00347
3.01122 2.01583 -0.995388
3.0065 2.01594 -0.990564
3.00197 2.01605 -0.985915
2.99725 2.01616 -0.981091
2.99237 2.01605 -0.976315
2.98713 2.01594 -0.971189
2.98155 2.01583 -0.965714
2.97561 2.0155 -0.960109
2.96968 2.01518 -0.954503
2.96043 2.01474 -0.945688
2.95414 2.01409 -0.940054
2.94804 2.01355 -0.934485
2.94245 2.0128 -0.929652
2.93721 2.01184 -0.92538
2.93233 2.01077 -0.92156
2.92796 2.0097 -0.91826
2.9236 2.00854 -0.915064
2.91627 2.00727 -0.909004
2.91051 2.00569 -0.904824
2.90423 2.00432 -0.899904
2.89742 2.00286 -0.89456
2.89061 2.0012 -0.889417
2.88468 1.99954 -0.885139
2.87962 1.998 -0.881624
2.87491 1.99635 -0.878555
2.87002 1.99461 -0.875408
2.86147 1.99288 -0.86859
2.85518 1.99095 -0.864233
2.84908 1.98903 -0.860041
2.84349 1.98682 -0.856666
2.83825 1.98472 -0.85353
2.83197 1.98263 -0.849339
2.82482 1.98055 -0.844264
2.81696 1.97828 -0.838677
2.80579 1.97603 -0.829759
2.79933 1.9738 -0.825533
2.79288 1.97158 -0.821295
2.78537 1.96909 -0.816285
2.77752 1.9688 -0.808721
2.76984 1.96615 -0.803688
2.76233 1.96362 -0.798717
2.75483 1.9611 -0.793729
2.74662 1.95823 -0.788395
2.73493 1.95529 -0.77964
2.72725 1.9522 -0.775048
2.71957 1.94932 -0.770251
2.71154 1.94637 -0.765173
2.70352 1.94344 -0.76007
2.69566 1.94002 -0.755645
2.68763 1.9367 -0.750929
2.67908 1.93368 -0.745402
2.66651 1.93051 -0.736002
2.65796 1.92714 -0.730826
2.64889 1.92379 -0.725092
2.63964 1.92311 -0.716524
2.63108 1.91953 -0.711559
2.62271 1.91606 -0.706649
2.61415 1.91255 -0.701608
2.6063 1.90876 -0.697542
2.59897 1.90485 -0.694117
2.5871 1.90106 -0.686038
2.57942 1.89726 -0.682164
2.57174 1.89327 -0.678474
2.56337 1.88955 -0.673819
2.55464 1.88895 -0.665689
2.54591 1.88497 -0.660939
2.53719 1.88112 -0.656066
2.52846 1.87725 -0.651211
2.51589 1.87308 -0.64281
2.50769 1.86927 -0.638416
2.49984 1.86531 -0.634522
2.49181 1.86134 -0.630466
2.48325 1.85986 -0.623398
2.4747 1.85583 -0.618876
2.46598 1.85192 -0.614054
2.4576 1.84796 -0.609642
2.4494 1.84405 -0.605342
2.43665 1.84003 -0.596623
2.4281 1.83745 -0.590656
2.41938 1.83367 -0.585708
2.41082 1.82968 -0.581147
2.4021 1.82587 -0.576228
2.3932 1.82192 -0.571279
2.38395 1.81804 -0.565904
2.37469 1.81463 -0.560062
2.36143 1.81078 -0.550649
2.35305 1.8072 -0.545855
2.3445 1.80345 -0.541052
2.3356 1.79964 -0.535961
2.32705 1.79478 -0.532268
2.3185 1.79133 -0.527169
2.31012 1.78778 -0.522338
2.30122 1.78432 -0.516901
2.29232 1.78082 -0.5115
2.27888 1.77437 -0.504502
2.26998 1.77101 -0.498962
2.2609 1.76767 -0.49323
2.252 1.76442 -0.487574
2.24327 1.76138 -0.481889
2.23437 1.75324 -0.481134
2.22495 1.75008 -0.47487
2.21587 1.74702 -0.468847
2.20243 1.74407 -0.458357
2.19301 1.73417 -0.458838
2.18393 1.73136 -0.452568
2.17503 1.72866 -0.446367
2.16578 1.72598 -0.439794
2.15653 1.71412 -0.442407
2.14798 1.71156 -0.436421
2.13942 1.70909 -0.430332
2.13035 1.70669 -0.423663
2.11708 1.6929 -0.424183
2.10818 1.69061 -0.417574
2.09893 1.68843 -0.410503
2.09003 1.68633 -0.403706
2.08078 1.67092 -0.409866
2.07118 1.66886 -0.402325
2.06176 1.66692 -0.394833
2.05233 1.66513 -0.387203
2.03837 1.64815 -0.390221
2.02947 1.6464 -0.383068
2.02022 1.64476 -0.37546
2.01114 1.64325 -0.367889
2.00242 1.62483 -0.377583
1.99334 1.62335 -0.369993
1.98426 1.62195 -0.362316
1.97484 1.62069 -0.354154
1.96559 1.60125 -0.364335
1.9518 1.59997 -0.351833
1.94238 1.59888 -0.3435
1.93348 1.57921 -0.354267
1.92423 1.57812 -0.34611
1.91532 1.57714 -0.338187
1.9066 1.5763 -0.330297
1.89752 1.55622 -0.3413
1.88897 1.55534 -0.333631
1.87588 1.55457 -0.321306
1.86715 1.53464 -0.332509
1.85825 1.53392 -0.324328
1.84953 1.53331 -0.316213
1.84028 1.53283 -0.30744
1.83102 1.51332 -0.317701
1.82195 1.51282 -0.309133
1.81287 1.51244 -0.300435
1.80397 1.49352 -0.310454
1.79053 1.49312 -0.297415
1.78198 1.49293 -0.289053
1.77343 1.49287 -0.280561
1.7647 1.47461 -0.290088
1.75632 1.47452 -0.281801
1.74795 1.47457 -0.273382
1.73922 1.45734 -0.281882
1.73014 1.45736 -0.272789
1.71566 1.45752 -0.258137
1.70606 1.44144 -0.264617
1.69629 1.44172 -0.254565
1.68704 1.44216 -0.244874
1.67779 1.42722 -0.25057
1.66871 1.42767 -0.241035
1.65928 1.4283 -0.230989
1.65021 1.41463 -0.235575
1.64096 1.41533 -0.225631
1.62682 1.4162 -0.210626
1.6174 1.40387 -0.213525
1.60815 1.40488 -0.203265
1.59872 1.40609 -0.192629
1.58912 1.39505 -0.194075
1.5797 1.39636 -0.183333
1.57027 1.39787 -0.172408
1.56067 1.38818 -0.172495
1.54671 1.38981 -0.156902
1.53781 1.39173 -0.146075
1.52891 1.38351 -0.145397
1.52001 1.38558 -0.134422
1.51111 1.38787 -0.123233
1.50168 1.38099 -0.120692
1.49208 1.38347 -0.108616
1.48231 1.37802 -0.104287
1.47288 1.38075 -0.0921338
1.45892 1.38369 -0.0752321
1.44985 1.37966 -0.0701899
1.44059 1.383 -0.0575985
1.43134 1.38039 -0.0509583
1.42192 1.38407 -0.0378456
1.41302 1.38806 -0.0249607
1.40499 1.38681 -0.018183
1.39836 1.39106 -0.00729784
1.3926 1.3911 -0.00149666
1.38474 1.39572 0.0109726
1.38073 1.39698 0.0162453
1.37741 1.40173 0.0243127
1.37497 1.40649 0.0315151
1.3734 1.40849 0.0350894
1.37235 1.41332 0.0409708
1.37131 1.41618 0.0448763
1.37096 1.42099 0.0500316
1.37218 1.42449 0.0523115
1.3734 1.42911 0.0557152
1.3748 1.43369 0.058898
1.37654 1.43766 0.061119
1.37846 1.44215 0.0636903
1.38056 1.4466 0.0660403
1.383 1.45097 0.06797
1.38544 1.4559 0.0704549
1.38841 1.46012 0.0717139
1.39399 1.46436 0.0703637
1.39801 1.46966 0.0716464
1.40202 1.47365 0.0716284
1.40639 1.47931 0.0729263
1.41092 1.48313 0.07221
1.41564 1.48912 0.0734833
1.4207 1.49276 0.0720615
1.42506 1.49631 0.0712478
1.43082 1.50256 0.0717345
1.43466 1.50595 0.0712926
1.4385 1.51246 0.0739644
1.44251 1.51577 0.0732593
1.44635 1.5225 0.0761464
1.45002 1.52565 0.075634
1.45386 1.52878 0.0749186
1.45752 1.53574 0.0782109
1.46119 1.53872 0.0775329
1.46712 1.54586 0.0787355
1.47131 1.54872 0.0774094
1.47568 1.55589 0.0802177
1.48039 1.55869 0.0783038
1.48528 1.5614 0.0761243
1.49016 1.56864 0.0784785
1.49522 1.57121 0.0759908
1.50029 1.57837 0.0780875
1.50727 1.58084 0.0735713
1.51198 1.58782 0.0758418
1.51669 1.5901 0.0734112
1.52158 1.59231 0.0707363
1.52646 1.59923 0.0727619
1.53118 1.6013 0.0701252
1.53554 1.60796 0.0724214
1.53955 1.60996 0.0704088
1.54339 1.6164 0.0730056
1.5495 1.61836 0.0688592
1.55369 1.62438 0.0706898
1.55771 1.6262 0.0684952
1.56172 1.62792 0.0661975
1.56591 1.63312 0.0672083
1.56992 1.63476 0.0648389
1.61181 -2.59213 -4.20394
1.61181 -2.59213 -4.20394
1.61181 -2.59213 -4.20394
1.61181 -2.59213 -4.20394
1.61181 -2.59213 -4.20394
1.61181 -2.59213 -4.20394
1.61181 -2.59213 -4.20394
1.61181 -2.59201 -4.20382
1.61181 -2.59178 -4.20359
1.61181 -2.5912 -4.20301
1.61199 -2.59108 -4.20307
1.61391 -2.5912 -4.2051
1.61862 -2.59108 -4.2097
1.62385 -2.59108 -4.21493
1.62804 -2.59085 -4.21889
1.63223 -2.59096 -4.22319
1.63939 -2.59108 -4.23047
1.6434 -2.5912 -4.2346
1.64707 -2.59132 -4.23838
1.65161 -2.5912 -4.2428
1.65632 -2.5912 -4.24752
1.66068 -2.5912 -4.25188
1.66504 -2.5912 -4.25624
1.66941 -2.59096 -4.26037
1.67604 -2.59096 -4.267
1.68023 -2.5906 -4.27083
1.68459 -2.59036 -4.27495
1.68913 -2.59012 -4.27925
1.69384 -2.59 -4.28384
1.69855 -2.59012 -4.28868
1.70344 -2.59 -4.29344
1.70815 -2.58988 -4.29804
1.71269 -2.58988 -4.30257
1.71897 -2.58988 -4.30886
1.72316 -2.59 -4.31317
1.7277 -2.58988 -4.31758
1.73241 -2.58988 -4.3223
1.73713 -2.58988 -4.32701
1.74219 -2.58988 -4.33207
1.74742 -2.58976 -4.33718
1.75266 -2.58952 -4.34218
1.76034 -2.58915 -4.34949
1.7654 -2.58891 -4.35431
1.77046 -2.58854 -4.359
1.77587 -2.58854 -4.36441
1.78111 -2.58842 -4.36952
1.78634 -2.58817 -4.37451
1.79141 -2.58817 -4.37958
1.79647 -2.58805 -4.38451
1.80135 -2.58817 -4.38952
1.80851 -2.58829 -4.3968
1.81375 -2.58829 -4.40204
1.81916 -2.58829 -4.40745
1.82474 -2.58829 -4.41303
1.83033 -2.58792 -4.41825
1.83609 -2.58767 -4.42376
1.84167 -2.58742 -4.4291
1.84708 -2.58718 -4.43426
1.85249 -2.58718 -4.43967
1.85982 -2.58705 -4.44687
1.86436 -2.58693 -4.45129
1.86872 -2.58693 -4.45565
1.87326 -2.58718 -4.46044
1.8778 -2.5873 -4.4651
1.88251 -2.5873 -4.46981
1.88775 -2.5873 -4.47505
1.89298 -2.58718 -4.48016
1.90171 -2.58693 -4.48864
1.90799 -2.5868 -4.49479
1.9141 -2.58642 -4.50053
1.91986 -2.58617 -4.50604
1.92545 -2.58605 -4.5115
1.93068 -2.58592 -4.51661
1.93557 -2.5858 -4.52137
1.94011 -2.58567 -4.52578
1.94447 -2.58567 -4.53014
1.95145 -2.5858 -4.53725
1.95634 -2.5858 -4.54214
1.96158 -2.5858 -4.54737
1.96716 -2.5858 -4.55296
1.97327 -2.58555 -4.55882
1.97955 -2.58542 -4.56497
1.98618 -2.58529 -4.57148
1.99282 -2.58504 -4.57786
2.00224 -2.58492 -4.58716
2.00765 -2.58454 -4.59219
2.01254 -2.58454 -4.59708
2.0169 -2.58454 -4.60144
2.02092 -2.58441 -4.60533
2.02528 -2.58441 -4.60969
2.02999 -2.58429 -4.61428
2.03505 -2.58441 -4.61947
2.04046 -2.58441 -4.62488
2.04971 -2.58441 -4.63413
2.05635 -2.58416 -4.64051
2.06315 -2.58404 -4.64719
2.07048 -2.58379 -4.65427
2.07747 -2.58366 -4.66113
2.08392 -2.58366 -4.66758
2.08986 -2.58354 -4.67339
2.09509 -2.58329 -4.67838
2.10225 -2.58341 -4.68566
2.10661 -2.58341 -4.69002
2.11132 -2.58329 -4.69461
2.11639 -2.58316 -4.69955
2.12215 -2.58304 -4.70518
2.1286 -2.58304 -4.71164
2.13558 -2.58304 -4.71862
2.14257 -2.58279 -4.72535
2.14955 -2.58279 -4.73233
2.15897 -2.58266 -4.74163
2.16421 -2.58266 -4.74687
2.16892 -2.58241 -4.75133
2.17311 -2.58217 -4.75528
2.1773 -2.58217 -4.75946
2.18184 -2.58204 -4.76388
2.18707 -2.58217 -4.76924
2.19266 -2.58192 -4.77458
2.20226 -2.58192 -4.78418
2.20941 -2.5818 -4.79121
2.21674 -2.5818 -4.79854
2.22407 -2.58167 -4.80575
2.23105 -2.58155 -4.81261
2.23751 -2.58155 -4.81906
2.24292 -2.58155 -4.82447
2.24764 -2.58131 -4.82894
2.25217 -2.58119 -4.83336
2.25933 -2.58119 -4.84051
2.26474 -2.58119 -4.84592
2.27067 -2.58106 -4.85174
2.27696 -2.58094 -4.8579
2.28376 -2.5807 -4.86446
2.29092 -2.5807 -4.87162
2.29825 -2.58082 -4.87907
2.30558 -2.5807 -4.88628
2.31553 -2.5807 -4.89623
2.32129 -2.5807 -4.90199
2.32652 -2.58058 -4.90711
2.33159 -2.58034 -4.91193
2.33682 -2.58034 -4.91717
2.34241 -2.58023 -4.92263
2.34869 -2.58011 -4.9288
2.3555 -2.57999 -4.93549
2.36248 -2.57987 -4.94235
2.37347 -2.58011 -4.95358
2.38098 -2.57999 -4.96097
2.38796 -2.57999 -4.96795
2.39459 -2.57999 -4.97458
2.40053 -2.57987 -4.9804
2.40611 -2.57976 -4.98587
2.41187 -2.57953 -4.9914
2.41763 -2.57941 -4.99704
2.42671 -2.57941 -5.00612
2.43316 -2.57918 -5.01235
2.44014 -2.57918 -5.01933
2.44748 -2.57941 -5.02689
2.45498 -2.5793 -5.03428
2.46249 -2.5793 -5.04178
2.46964 -2.57918 -5.04883
2.4761 -2.57896 -5.05506
2.48203 -2.57896 -5.06099
2.49058 -2.57885 -5.06943
2.49652 -2.57874 -5.07526
2.50245 -2.57852 -5.08097
2.50874 -2.57841 -5.08714
2.51554 -2.57841 -5.09395
2.5227 -2.5783 -5.101
2.53038 -2.5783 -5.10868
2.53788 -2.57819 -5.11607
2.54853 -2.57808 -5.12661
2.55499 -2.57808 -5.13307
2.56075 -2.57808 -5.13883
2.56668 -2.57798 -5.14466
2.57279 -2.57776 -5.15055
2.57872 -2.57755 -5.15628
2.58501 -2.57755 -5.16256
2.59164 -2.57755 -5.16919
2.59845 -2.57766 -5.1761
2.60944 -2.57766 -5.1871
2.61695 -2.57755 -5.1945
2.62428 -2.57755 -5.20183
2.63143 -2.57745 -5.20889
2.63824 -2.57735 -5.21559
2.64487 -2.57725 -5.22212
2.6515 -2.57705 -5.22855
2.65814 -2.57695 -5.23509
2.66826 -2.57695 -5.24521
2.67524 -2.57695 -5.25219
2.68257 -2.57685 -5.25942
2.6899 -2.57685 -5.26675
2.69723 -2.57685 -5.27408
2.70439 -2.57685 -5.28124
2.71119 -2.57685 -5.28805
2.71818 -2.57676 -5.29493
2.72498 -2.57647 -5.30146
2.73511 -2.57638 -5.31149
2.74191 -2.57629 -5.3182
2.74872 -2.57629 -5.32501
2.75553 -2.57629 -5.33181
2.76216 -2.5762 -5.33835
2.76914 -2.57638 -5.34552
2.77595 -2.57638 -5.35232
2.78293 -2.57638 -5.3593
2.7934 -2.57629 -5.36969
2.80056 -2.57611 -5.37667
2.80754 -2.57594 -5.38347
2.81469 -2.57594 -5.39063
2.8215 -2.57594 -5.39744
2.82848 -2.57594 -5.40442
2.83529 -2.57594 -5.41122
2.84209 -2.57594 -5.41803
2.84908 -2.57585 -5.42493
2.85955 -2.57594 -5.43548
2.8667 -2.57594 -5.44264
2.87386 -2.57577 -5.44963
2.88136 -2.57553 -5.4569
2.88869 -2.57553 -5.46423
2.89585 -2.57553 -5.47138
2.90283 -2.57561 -5.47844
2.90964 -2.57553 -5.48517
2.91959 -2.57553 -5.49512
2.92622 -2.57546 -5.50168
2.9332 -2.57553 -5.50873
2.94018 -2.57553 -5.51571
2.94751 -2.57546 -5.52297
2.95519 -2.57539 -5.53058
2.96287 -2.57524 -5.53811
2.9702 -2.57517 -5.54537
2.97736 -2.57517 -5.55253
2.988 -2.57517 -5.56317
2.99498 -2.57517 -5.57015
3.00197 -2.5751 -5.57707
3.00895 -2.5751 -5.58405
3.01593 -2.57503 -5.59096
3.02308 -2.57503 -5.59812
3.03059 -2.57497 -5.60556
3.03844 -2.57484 -5.61328
3.04979 -2.57471 -5.6245
3.05712 -2.57477 -5.63189
3.06445 -2.57471 -5.63916
3.0716 -2.57459 -5.6462
3.07841 -2.57453 -5.65294
3.08539 -2.57459 -5.65998
3.09237 -2.57459 -5.66696
3.0997 -2.57459 -5.6743
3.10756 -2.57448 -5.68204
3.11978 -2.57436 -5.69414
3.12763 -2.57426 -5.70189
3.13531 -2.57431 -5.70962
-3.14072 -2.57431 0.566411
-3.13391 -2.57426 0.559656
-3.12746 -2.5739 0.553558
-3.121 -2.56849 0.552506
-3.11419 -2.56322 0.550967
-3.10302 -2.56024 0.542778
-3.09464 -2.55782 0.536824
-3.08679 -2.55484 0.531948
-3.07981 -2.55161 0.528201
-3.07335 -2.54772 0.525633
-3.06637 -2.54616 0.520205
-3.05799 -2.54219 0.515801
-3.04769 -2.5386 0.509089
-3.0374 -2.53509 0.50231
-3.02326 -2.53152 0.491738
-3.01471 -2.53083 0.483873
-3.00668 -2.5278 0.478879
-2.999 -2.52467 0.474326
-2.99149 -2.5216 0.469898
-2.98347 -2.51864 0.464829
-2.97439 -2.51978 0.454605
-2.96409 -2.51686 0.447237
-2.94699 -2.51399 0.433001
-2.93564 -2.5114 0.424241
-2.92447 -2.51444 0.410037
-2.91383 -2.51201 0.401817
-2.90405 -2.50964 0.394409
-2.89463 -2.50736 0.387271
-2.88468 -2.51236 0.372321
-2.87473 -2.51035 0.364377
-2.86531 -2.50845 0.356861
-2.85012 -2.50655 0.343576
-2.83983 -2.5135 0.326329
-2.83005 -2.51207 0.317981
-2.81993 -2.51075 0.309181
-2.80998 -2.50955 0.300431
-2.80003 -2.51848 0.281552
-2.78991 -2.51766 0.272251
-2.77979 -2.51699 0.262796
-2.76931 -2.52787 0.241449
-2.75361 -2.52766 0.225949
-2.74331 -2.5277 0.21561
-2.73319 -2.54113 0.192059
-2.72306 -2.54172 0.181345
-2.71294 -2.54247 0.170468
-2.70264 -2.55863 0.144011
-2.69234 -2.56005 0.132293
-2.68187 -2.57856 0.103315
-2.66651 -2.58077 0.0857441
-2.65639 -2.58326 0.0731265
-2.64644 -2.60456 0.0418856
-2.63649 -2.60797 0.0285225
-2.62672 -2.63147 -0.00474951
-2.61695 -2.63587 -0.018926
-2.60752 -2.66145 -0.0539282
-2.59914 -2.66697 -0.0678221
-2.59286 -2.67253 -0.079666
-2.58675 -2.6996 -0.112849
-2.58501 -2.7056 -0.12059
-2.58518 -2.73326 -0.148076
-2.58658 -2.73953 -0.15295
-2.58937 -2.76696 -0.177588
-2.59269 -2.77332 -0.180635
-2.59688 -2.77952 -0.18264
-2.60176 -2.80636 -0.204593
-2.61031 -2.81268 -0.20237
-2.6166 -2.81883 -0.202232
-2.62253 -2.84492 -0.222389
-2.62847 -2.85104 -0.222577
-2.63492 -2.85691 -0.221983
-2.6419 -2.88203 -0.240129
-2.64924 -2.88804 -0.238801
-2.65639 -2.894 -0.237613
-2.66372 -2.91804 -0.254316
-2.67419 -2.92399 -0.249794
-2.6803 -2.92985 -0.249544
-2.68659 -2.95271 -0.26612
-2.69269 -2.95852 -0.265828
-2.69898 -2.96416 -0.265181
-2.70491 -2.98573 -0.280819
-2.71067 -2.99134 -0.28067
-2.7166 -2.9969 -0.280298
-2.72603 -3.00229 -0.276261
-2.73231 -3.02241 -0.290093
-2.73842 -3.02785 -0.28943
-2.74505 -3.03324 -0.288186
-2.75186 -3.0519 -0.300041
-2.75919 -3.05716 -0.297971
-2.76652 -3.06231 -0.295786
-2.77385 -3.0673 -0.293445
-2.78066 -3.08453 -0.303868
-2.79113 -3.0897 -0.298572
-2.79776 -3.09456 -0.296794
-2.8044 -3.11002 -0.305622
-2.8112 -3.11486 -0.303656
-2.81818 -3.11952 -0.301334
-2.82499 -3.12406 -0.299074
-2.8318 -3.13802 -0.306221
-2.83895 -3.14259 -0.303639
-2.84977 -3.14705 -0.297273
-2.85693 -3.15926 -0.302326
-2.86374 -3.16354 -0.299803
-2.87072 -3.16774 -0.297026
-2.87735 -3.1718 -0.294452
-2.88346 -3.18226 -0.298798
-2.88974 -3.18633 -0.296587
-2.8962 -3.19023 -0.294035
-2.90301 -3.19903 -0.296028
-2.9133 -3.20292 -0.289612
-2.92081 -3.20665 -0.285842
-2.92831 -3.2102 -0.28189
-2.93582 -3.21734 -0.281522
-2.94315 -3.22073 -0.277578
-2.95048 -3.22406 -0.273583
-2.95746 3.05375 6.01121
-2.96427 3.0506 6.01486
-2.97474 3.04754 6.02228
-2.9819 3.04642 6.02831
-2.98923 3.04783 6.03706
-2.99638 3.0489 6.04528
-3.00301 3.04846 6.05147
-3.00825 3.04717 6.05541
-3.01244 3.04653 6.05897
-3.0161 3.04674 6.06285
-3.01925 3.04699 6.06624
-3.02623 3.0469 6.07313
-3.03234 3.0466 6.07893
-3.03687 3.04645 6.08332
-3.03984 3.04652 6.08636
-3.04263 3.0466 6.08924
-3.04734 3.04665 6.094
-3.0545 3.04661 6.10111
-3.06323 3.04652 6.10975
-3.07754 3.04646 6.124
-3.08627 3.04645 6.13271
-3.09395 3.04645 6.1404
-3.10075 3.04644 6.14719
-3.10704 3.0464 6.15344
-3.11227 3.04637 6.15864
-3.11716 3.04635 6.16351
-3.12239 3.04635 6.16875
-3.12798 3.04634 6.17432
-3.13758 3.04634 6.18392
3.13897 3.04634 -0.0926387
3.13234 3.04634 -0.0860042
3.12623 3.04635 -0.0798828
3.12013 3.0459 -0.0742201
3.11349 3.04638 -0.0671126
3.10651 3.04701 -0.0595062
3.09901 3.04852 -0.0504912
3.08888 3.04931 -0.03957
3.08487 3.05029 -0.034582
3.08138 -3.22954 -6.31092
3.07894 -3.22826 -6.30719
3.07736 -3.22286 -6.30022
3.07719 -3.22188 -6.29907
3.07719 -3.22151 -6.2987
3.07562 -3.2221 -6.29772
3.07265 -3.22263 -6.29528
3.06916 -3.22235 -6.29151
3.06742 -3.22162 -6.28904
3.06567 -3.2212 -6.28687
3.06393 -3.2212 -6.28513
3.06235 -3.22125 -6.28361
3.06113 -3.22124 -6.28237
3.06061 -3.22115 -6.28176
3.06043 -3.22105 -6.28149
3.06026 -3.22103 -6.28129
3.06043 -3.22104 -6.28148
3.06096 -3.22106 -6.28202
3.06183 -3.22109 -6.28292
3.06235 -3.22109 -6.28345
3.06218 -3.22109 -6.28327
3.06201 -3.22109 -6.2831
3.06218 -3.22109 -6.28327
3.06201 -3.22109 -6.2831
3.06201 -3.22109 -6.2831
3.06218 -3.22109 -6.28327
3.06218 -3.22109 -6.28327
3.06235 -3.22109 -6.28345
3.06235 -3.22109 -6.28345
3.06218 -3.22109 -6.28327
3.06218 -3.22109 -6.28327
3.06218 -3.22109 -6.28327
3.06218 -3.22109 -6.28327
3.06201 -3.22109 -6.2831
3.06218 -3.22109 -6.28327
3.06218 -3.22109 -6.28327
3.06218 -3.22109 -6.28327
3.06235 -3.22109 -6.28345
3.06218 -3.22109 -6.28327
3.06218 -3.22109 -6.28327
3.06218 -3.22109 -6.28327
3.06218 -3.22109 -6.28327
3.06218 -3.22109 -6.28327
3.06218 -3.22109 -6.28327
3.06218 -3.22109 -6.28327
3.06218 -3.22109 -6.28327
3.06218 -3.22109 -6.28327
3.06218 -3.22109 -6.28327
3.06218 -3.22109 -6.28327
3.06218 -3.22109 -6.28327
3.06218 -3.22109 -6.28327
3.06235 -3.22109 -6.28345
3.06235 -3.22109 -6.28345
3.06235 -3.22109 -6.28345
3.06218 -3.22109 -6.28327
3.06218 -3.22109 -6.28327
3.06218 -3.22109 -6.28327
3.06218 -3.22109 -6.28327
3.06218 -3.22109 -6.28327
3.06218 -3.22109 -6.28327
3.06235 -3.22109 -6.28345
3.06235 -3.22109 -6.28345
3.06235 -3.22109 -6.28345
3.06235 -3.22109 -6.28345
3.06235 -3.22109 -6.28345
3.06218 -3.22109 -6.28327
3.06218 -3.22109 -6.28327
3.06218 -3.22109 -6.28327
3.06201 -3.22109 -6.2831
3.06201 -3.22109 -6.2831
3.06201 -3.22109 -6.2831
3.06201 -3.22109 -6.2831
3.06201 -3.22109 -6.2831
3.06201 -3.22109 -6.2831
3.06201 -3.22109 -6.2831
3.06183 -3.22109 -6.28292
3.06201 -3.22109 -6.2831
3.06201 -3.22109 -6.2831
3.06201 -3.22109 -6.2831
3.06201 -3.22109 -6.2831
3.06201 -3.22109 -6.2831
3.06201 -3.22109 -6.2831
3.06201 -3.22109 -6.2831
3.06201 -3.22109 -6.2831
3.06201 -3.22109 -6.2831
3.06201 -3.22109 -6.2831
3.06201 -3.22109 -6.2831
3.06201 -3.22109 -6.2831
3.06201 -3.22109 -6.2831
3.06201 -3.22109 -6.2831
3.06201 -3.22109 -6.2831
3.06201 -3.22109 -6.2831
3.06201 -3.22109 -6.2831
3.06201 -3.22109 -6.2831
3.06201 -3.22109 -6.2831
3.06201 -3.22109 -6.2831
3.06201 -3.22109 -6.2831
3.06201 -3.22109 -6.2831
3.06201 -3.22109 -6.2831
3.06201 -3.22109 -6.2831
3.06201 -3.22109 -6.2831
3.06201 -3.22109 -6.2831
3.06183 -3.22109 -6.28292
3.06201 -3.22109 -6.2831
3.06201 -3.22109 -6.2831
3.06201 -3.22109 -6.2831
3.06201 -3.22109 -6.2831
3.06201 -3.22109 -6.2831
3.06201 -3.22109 -6.2831
3.06201 -3.22109 -6.2831
3.06183 -3.22109 -6.28292
3.06183 -3.22109 -6.28292
3.06183 -3.22109 -6.28292
3.06183 -3.22109 -6.28292
3.06201 -3.22109 -6.2831
3.06201 -3.22109 -6.2831
3.06201 -3.22109 -6.2831
3.06201 -3.22109 -6.2831
3.06201 -3.22109 -6.2831
3.06201 -3.22109 -6.2831
3.06201 -3.22109 -6.2831
3.06201 -3.22109 -6.2831
3.06183 -3.22109 -6.28292
3.06183 -3.22109 -6.28292
3.06183 -3.22109 -6.28292
3.06183 -3.22109 -6.28292
3.06183 -3.22109 -6.28292
3.06183 -3.22109 -6.28292
3.06183 -3.22109 -6.28292
3.06183 -3.22109 -6.28292
3.06183 -3.22109 -6.28292
3.06183 -3.22109 -6.28292
3.06183 -3.22109 -6.28292
3.06183 -3.22109 -6.28292
3.06183 -3.22109 -6.28292
3.06183 -3.22109 -6.28292
3.06183 -3.22109 -6.28292
3.06183 -3.22109 -6.28292
3.06201 -3.22109 -6.2831
3.06201 -3.22109 -6.2831
3.06201 -3.22109 -6.2831
3.06201 -3.22109 -6.2831
3.06201 -3.22109 -6.2831
3.06201 -3.22109 -6.2831
3.06201 -3.22109 -6.2831
3.06201 -3.22109 -6.2831
3.06201 -3.22109 -6.2831
3.06201 -3.22109 -6.2831
3.06201 -3.22109 -6.2831
3.06201 -3.22109 -6.2831
3.06218 -3.22109 -6.28327
3.06218 -3.22109 -6.28327
3.06218 -3.22109 -6.28327
3.06218 -3.22109 -6.28327
3.06218 -3.22109 -6.28327
3.06218 -3.22109 -6.28327
3.06218 -3.22109 -6.28327
3.06218 -3.22109 -6.28327
3.06218 -3.22109 -6.28327
3.06218 -3.22109 -6.28327
3.06218 -3.22109 -6.28327
3.06218 -3.22109 -6.28327
3.06218 -3.22109 -6.28327
3.06218 -3.22109 -6.28327
3.06218 -3.22109 -6.28327
3.06218 -3.22109 -6.28327
3.06218 -3.22109 -6.28327
3.06235 -3.22109 -6.28345
3.06235 -3.22109 -6.28345
3.06235 -3.22109 -6.28345
3.06235 -3.22109 -6.28345
3.06235 -3.22109 -6.28345
3.06235 -3.22109 -6.28345
3.06235 -3.22109 -6.28345
3.06235 -3.22109 -6.28345
3.06235 -3.22109 -6.28345
3.06235 -3.22109 -6.28345
3.06235 -3.22109 -6.28345
3.06235 -3.22109 -6.28345
3.06253 -3.22109 -6.28362
3.06253 -3.22109 -6.28362
3.06253 -3.22109 -6.28362
3.06253 -3.22109 -6.28362
3.06253 -3.22109 -6.28362
3.06253 -3.22109 -6.28362
3.06253 -3.22109 -6.28362
3.06253 -3.22109 -6.28362
3.0627 -3.22109 -6.2838
3.0627 -3.22109 -6.2838
3.0627 -3.22109 -6.2838
3.0627 -3.22109 -6.2838
3.0627 -3.22109 -6.2838
3.0627 -3.22109 -6.2838
3.06253 -3.22109 -6.28362
3.06253 -3.22109 -6.28362
3.06253 -3.22109 -6.28362
3.06253 -3.22109 -6.28362
3.06253 -3.22109 -6.28362
3.06253 -3.22109 -6.28362
3.06235 -3.22109 -6.28345
3.06253 -3.22109 -6.28362
3.06253 -3.22109 -6.28362
3.06253 -3.22109 -6.28362
3.06253 -3.22109 -6.28362
3.06253 -3.22109 -6.28362
3.06253 -3.22109 -6.28362
3.06253 -3.22109 -6.28362
3.06253 -3.22109 -6.28362
3.06253 -3.22109 -6.28362
3.06253 -3.22109 -6.28362
3.06253 -3.22109 -6.28362
3.06235 -3.22109 -6.28345
3.06235 -3.22109 -6.28345
3.06235 -3.22109 -6.28345
3.06235 -3.22109 -6.28345
3.06235 -3.22109 -6.28345
3.06235 -3.22109 -6.28345
3.06235 -3.22109 -6.28345
3.06235 -3.22109 -6.28345
3.06235 -3.22109 -6.28345
3.06235 -3.22109 -6.28345
3.06235 -3.22109 -6.28345
3.06235 -3.22109 -6.28345
3.06235 -3.22109 -6.28345
3.06218 -3.22109 -6.28327
3.06235 -3.22109 -6.28345
3.06235 -3.22109 -6.28345
3.06235 -3.22109 -6.28345
3.06235 -3.22109 -6.28345
3.06235 -3.22109 -6.28345
3.06235 -3.22109 -6.28345
3.06235 -3.22109 -6.28345
3.06235 -3.22109 -6.28345
3.06218 -3.22109 -6.28327
3.06218 -3.22109 -6.28327
3.06218 -3.22109 -6.28327
3.06218 -3.22109 -6.28327
3.06218 -3.22109 -6.28327
3.06218 -3.22109 -6.28327
3.06218 -3.22109 -6.28327
3.06201 -3.22109 -6.2831
3.06201 -3.22109 -6.2831
3.06201 -3.22109 -6.2831
3.06201 -3.22109 -6.2831
3.06201 -3.22109 -6.2831
3.06218 -3.22109 -6.28327
3.06218 -3.22109 -6.28327
3.06218 -3.22109 -6.28327
3.06218 -3.22109 -6.28327
3.06201 -3.22109 -6.2831
3.06218 -3.22109 -6.28327
3.06218 -3.22109 -6.28327
3.06201 -3.22109 -6.2831
3.06201 -3.22109 -6.2831
3.06201 -3.22109 -6.2831
3.06201 -3.22109 -6.2831
3.06201 -3.22109 -6.2831
3.06201 -3.22109 -6.2831
3.06201 -3.22109 -6.2831
3.06218 -3.22109 -6.28327
3.06218 -3.22109 -6.28327
3.06218 -3.22109 -6.28327
3.06218 -3.22109 -6.28327
3.06201 -3.22109 -6.2831
3.06201 -3.22109 -6.2831
3.06218 -3.22109 -6.28327
3.06218 -3.22109 -6.28327
3.06218 -3.22109 -6.28327
3.06218 -3.22109 -6.28327
3.06218 -3.22109 -6.28327
3.06218 -3.22109 -6.28327
3.06218 -3.22109 -6.28327
3.06218 -3.22109 -6.28327
3.06218 -3.22109 -6.28327
3.06218 -3.22109 -6.28327
3.06218 -3.22109 -6.28327
3.06218 -3.22109 -6.28327
3.06218 -3.22109 -6.28327
3.06218 -3.22109 -6.28327
3.06218 -3.22109 -6.28327
3.06218 -3.22109 -6.28327
3.06218 -3.22109 -6.28327
3.06235 -3.22109 -6.28345
3.06235 -3.22109 -6.28345
3.06235 -3.22109 -6.28345
3.06235 -3.22109 -6.28345
3.06235 -3.22109 -6.28345
3.06235 -3.22109 -6.28345
3.06253 -3.22109 -6.28362
3.06253 -3.22109 -6.28362
3.06253 -3.22109 -6.28362
3.0627 -3.22109 -6.2838
3.0627 -3.22109 -6.2838
3.0627 -3.22109 -6.2838
3.0627 -3.22109 -6.2838
3.0627 -3.22109 -6.2838
3.0627 -3.22109 -6.2838
3.0627 -3.22109 -6.2838
3.0627 -3.22109 -6.2838
3.0627 -3.22109 -6.2838
3.0627 -3.22109 -6.2838
3.0627 -3.22109 -6.2838
3.0627 -3.22109 -6.2838
3.0627 -3.22109 -6.2838
3.0627 -3.22109 -6.2838
3.0627 -3.22109 -6.2838
3.0627 -3.22109 -6.2838
3.0627 -3.22109 -6.2838
3.0627 -3.22109 -6.2838
3.0627 -3.22109 -6.2838
3.0627 -3.22109 -6.2838
3.0627 -3.22109 -6.2838
3.0627 -3.22109 -6.2838
3.0627 -3.22109 -6.2838
3.0627 -3.22109 -6.2838
3.0627 -3.22109 -6.2838
3.0627 -3.22109 -6.2838
3.06288 -3.22109 -6.28397
3.06288 -3.22109 -6.28397
3.0627 -3.22109 -6.2838
3.0627 -2.69101 -5.75371
3.0627 -2.69101 -5.75371
3.06253 -2.69101 -5.75354
3.0627 -2.69101 -5.75371
3.0627 -2.69101 -5.75371
3.0627 -2.69101 -5.75371
3.0627 -2.69101 -5.75371
3.0627 -2.69095 -5.75365
3.0627 -2.69089 -5.7536
3.0627 -2.69072 -5.75342
3.0627 -2.69054 -5.75325
3.0655 -2.6906 -5.7561
3.07073 -2.69049 -5.76122
3.07614 -2.69043 -5.76657
3.07998 -2.69032 -5.7703
3.084 -2.69026 -5.77426
3.08853 -2.69032 -5.77885
3.0929 -2.69026 -5.78316
3.09691 -2.69021 -5.78712
3.10145 -2.69021 -5.79166
3.10878 -2.6901 -5.79888
3.11297 -2.6901 -5.80307
3.11733 -2.69005 -5.80738
3.12187 -2.69 -5.81187
3.12641 -2.68989 -5.8163
3.13112 -2.68989 -5.82101
3.13601 -2.68984 -5.82585
3.14124 -2.68979 -5.83104
-3.13444 -2.68974 0.444692
-3.12972 -2.68965 0.440076
-3.12519 -2.68955 0.435633
-3.121 -2.68519 0.435807
-3.11646 -2.67833 0.438133
-3.11192 -2.67365 0.438268
-3.10721 -2.67053 0.436677
-3.10197 -2.6675 0.434478
-3.09569 -2.66371 0.43198
-3.08644 -2.65965 0.426793
-3.07998 -2.65523 0.424756
-3.07248 -2.65093 0.421544
-3.0634 -2.64694 0.416464
-3.05258 -2.64313 0.409448
-3.04159 -2.63908 0.402507
-3.03234 -2.6348 0.397532
-3.025 -2.63081 0.394199
-3.0168 -2.6268 0.390002
-3.01174 -2.62352 0.388224
-3.00616 -2.6201 0.386058
-2.99952 -2.61659 0.382931
-2.99149 -2.61274 0.378757
-2.98224 -2.60955 0.372698
-2.97247 -2.60645 0.366024
-2.96235 -2.6035 0.358843
-2.95257 -2.60069 0.351881
-2.93844 -2.59777 0.340662
-2.92971 -2.59503 0.334677
-2.92186 -2.59242 0.32944
-2.91435 -2.59089 0.323457
-2.90615 -2.5885 0.317647
-2.8976 -2.58613 0.311469
-2.88852 -2.58577 0.302747
-2.8791 -2.58366 0.295435
-2.86513 -2.58167 0.28346
-2.85606 -2.58353 0.272526
-2.84716 -2.58191 0.265247
-2.83808 -2.58034 0.257742
-2.82935 -2.58449 0.244861
-2.82028 -2.58327 0.237009
-2.8112 -2.58217 0.229035
-2.8023 -2.58874 0.213565
-2.79305 -2.588 0.205048
-2.77944 -2.5874 0.192041
-2.77054 -2.59671 0.173828
-2.76181 -2.59664 0.165168
-2.75326 -2.59673 0.156528
-2.74453 -2.60887 0.135661
-2.73598 -2.60946 0.126513
-2.72708 -2.61024 0.116838
-2.718 -2.62531 0.092694
-2.70386 -2.62672 0.0771489
-2.69444 -2.64428 0.0501598
-2.68501 -2.64649 0.0385207
-2.67559 -2.66641 0.00917967
-2.66634 -2.66955 -0.00321139
-2.65761 -2.6918 -0.0341876
-2.65011 -2.69579 -0.0456847
-2.64417 -2.69998 -0.0558053
-2.63999 -2.72419 -0.0842014
-2.63684 -2.72888 -0.0920336
-2.63649 -2.75384 -0.117348
-2.63737 -2.75908 -0.121714
-2.63859 -2.78451 -0.14592
-2.64016 -2.78961 -0.14945
-2.64243 -2.79472 -0.152291
-2.64574 -2.81986 -0.174117
-2.65028 -2.82508 -0.174795
-2.65971 -2.84986 -0.190148
-2.66721 -2.85514 -0.187923
-2.67472 -2.86018 -0.185463
-2.6824 -2.88397 -0.201578
-2.69043 -2.88911 -0.198689
-2.6988 -2.89405 -0.195243
-2.70701 -2.91683 -0.209829
-2.71486 -2.92182 -0.206962
-2.72219 -2.92661 -0.204415
-2.73319 -2.94825 -0.215061
-2.74052 -2.9531 -0.212585
-2.7482 -2.95789 -0.209695
-2.75622 -2.97825 -0.222025
-2.76443 -2.98288 -0.218448
-2.77263 -2.98745 -0.214823
-2.78066 -3.00643 -0.225771
-2.78851 -3.01098 -0.222463
-2.79968 -3.01544 -0.215759
-2.80701 -3.03277 -0.225754
-2.81452 -3.03702 -0.222499
-2.82202 -3.04128 -0.219257
-2.82953 -3.0572 -0.227676
-2.83721 -3.06135 -0.224144
-2.84489 -3.06533 -0.220446
-2.85239 -3.07962 -0.227233
-2.85972 -3.0836 -0.223882
-2.87072 -3.08742 -0.216707
-2.87822 -3.09998 -0.221757
-2.88573 -3.10363 -0.217903
-2.89323 -3.10717 -0.213938
-2.90056 -3.11802 -0.217459
-2.90824 -3.12153 -0.213287
-2.91627 -3.12489 -0.208623
-2.92412 -3.13418 -0.210058
-2.93582 -3.13744 -0.201619
-2.94385 -3.14049 -0.196645
-2.9517 -3.14798 -0.196281
-2.95921 -3.15085 -0.191646
-2.96654 -3.15361 -0.187079
-2.97387 -3.15931 -0.185442
-2.98067 -3.16183 -0.181155
-2.98765 -3.16428 -0.176629
-2.99481 -3.16838 -0.17357
-3.00616 -3.17064 -0.164484
-3.01366 -3.1727 -0.159041
-3.02134 -3.17493 -0.153591
-3.02884 -3.17672 -0.147872
-3.03617 -3.17727 -0.141092
-3.04333 -3.17879 -0.135464
-3.05066 -3.1802 -0.129536
-3.05782 -3.17893 -0.121111
-3.06497 -3.18001 -0.115039
-3.07614 -3.18096 -0.10482
-3.08382 -3.17773 -0.0939096
-3.0915 -3.17826 -0.0867552
-3.09936 -3.17329 -0.0739339
-3.10721 -3.1734 -0.0661928
-3.11471 -3.17334 -0.0586288
-3.12222 -3.16634 -0.0441248
-3.12955 -3.16583 -0.0362796
-3.13897 -3.15704 -0.0180623
3.1388 -3.15595 -6.29475
3.13426 -3.15473 -6.289
3.13042 -3.14379 -6.27422
3.12746 -3.14283 -6.27029
3.12519 -3.14256 -6.26774
3.12414 -3.14339 -6.26753
3.12431 -3.14393 -6.26825
3.12536 -3.14348 -6.26884
3.12693 -3.14268 -6.26961
3.12798 -3.14246 -6.27044
3.12903 -3.14275 -6.27178
3.1299 -3.14291 -6.27281
3.13025 -3.14281 -6.27306
3.13042 -3.14263 -6.27306
3.13077 -3.14262 -6.27339
3.13112 -3.14267 -6.27379
3.13077 -3.14269 -6.27347
3.13042 -3.14271 -6.27313
3.13007 -3.14271 -6.27278
3.13007 -3.14271 -6.27278
3.1299 -3.14271 -6.27261
3.12972 -3.14271 -6.27244
3.12972 -3.14271 -6.27244
3.1299 -3.14271 -6.27261
3.1299 -3.14271 -6.27261
3.12972 -3.14271 -6.27244
3.1299 -3.14271 -6.27261
3.12972 -3.14271 -6.27244
3.12972 -3.14271 -6.27244
3.12972 -3.14271 -6.27244
3.12972 -3.14271 -6.27244
3.12972 -3.14271 -6.27244
3.12972 -3.14271 -6.27244
3.12972 -3.14271 -6.27244
3.1299 -3.14271 -6.27261
3.1299 -3.14271 -6.27261
3.1299 -3.14271 -6.27261
3.1299 -3.14271 -6.27261
3.12972 -3.14271 -6.27244
3.12972 -3.14271 -6.27244
3.1299 -3.14271 -6.27261
3.1299 -3.14271 -6.27261
3.1299 -3.14271 -6.27261
3.12972 -3.14271 -6.27244
3.12972 -3.14271 -6.27244
3.1299 -3.14271 -6.27261
3.1299 -3.14271 -6.27261
3.1299 -3.14271 -6.27261
3.1299 -3.14271 -6.27261
3.1299 -3.14271 -6.27261
3.1299 -3.14271 -6.27261
3.1299 -3.14271 -6.27261
3.1299 -3.14271 -6.27261
3.1299 -3.14271 -6.27261
3.1299 -3.14271 -6.27261
3.12972 -3.14271 -6.27244
3.1299 -3.14271 -6.27261
3.1299 -3.14271 -6.27261
3.1299 -3.14271 -6.27261
3.13007 -3.14271 -6.27278
3.13007 -3.14271 -6.27278
3.13007 -3.14271 -6.27278
3.13007 -3.14271 -6.27278
3.1299 -3.14271 -6.27261
3.1299 -3.14271 -6.27261
3.1299 -3.14271 -6.27261
3.13007 -3.14271 -6.27278
3.13007 -3.14271 -6.27278
3.13007 -3.14271 -6.27278
3.13007 -3.14271 -6.27278
3.13007 -3.14271 -6.27278
3.13007 -3.14271 -6.27278
3.1299 -3.14271 -6.27261
3.1299 -3.14271 -6.27261
3.13007 -3.14271 -6.27278
3.13007 -3.14271 -6.27278
3.1299 -3.14271 -6.27261
3.1299 -3.14271 -6.27261
3.1299 -3.14271 -6.27261
3.1299 -3.14271 -6.27261
3.1299 -3.14271 -6.27261
3.1299 -3.14271 -6.27261
3.12972 -3.14271 -6.27244
3.12972 -3.14271 -6.27244
3.12972 -3.14271 -6.27244
3.12972 -3.14271 -6.27244
3.12972 -3.14271 -6.27244
3.12972 -3.14271 -6.27244
3.12972 -3.14271 -6.27244
3.12972 -3.14271 -6.27244
3.12972 -3.14271 -6.27244
3.1299 -3.14271 -6.27261
3.1299 -3.14271 -6.27261
3.1299 -3.14271 -6.27261
3.1299 -3.14271 -6.27261
3.1299 -3.14271 -6.27261
3.1299 -3.14271 -6.27261
3.1299 -3.14271 -6.27261
3.1299 -3.14271 -6.27261
3.1299 -3.14271 -6.27261
3.1299 -3.14271 -6.27261
3.1299 -3.14271 -6.27261
3.12972 -3.14271 -6.27244
3.12972 -3.14271 -6.27244
3.12972 -3.14271 -6.27244
3.12955 -3.14271 -6.27226
3.12955 -3.14271 -6.27226
3.12955 -3.14271 -6.27226
3.12972 -3.14271 -6.27244
3.12955 -3.14271 -6.27226
3.12955 -3.14271 -6.27226
3.12955 -3.14271 -6.27226
3.12955 -3.14271 -6.27226
3.12955 -3.14271 -6.27226
3.12955 -3.14271 -6.27226
3.12955 -3.14271 -6.27226
3.12955 -3.14271 -6.27226
3.12955 -3.14271 -6.27226
3.12955 -3.14271 -6.27226
3.12955 -3.14271 -6.27226
3.12972 -3.14271 -6.27244
3.12972 -3.14271 -6.27244
3.12972 -3.14271 -6.27244
3.12972 -3.14271 -6.27244
3.12972 -3.14271 -6.27244
3.12972 -3.14271 -6.27244
3.12972 -3.14271 -6.27244
3.12972 -3.14271 -6.27244
3.1299 -3.14271 -6.27261
3.1299 -3.14271 -6.27261
3.1299 -3.14271 -6.27261
3.1299 -3.14271 -6.27261
3.12972 -3.14271 -6.27244
3.12972 -3.14271 -6.27244
3.12972 -3.14271 -6.27244
3.12972 -3.14271 -6.27244
3.12972 -3.14271 -6.27244
3.12972 -3.14271 -6.27244
3.12972 -3.14271 -6.27244
3.12972 -3.14271 -6.27244
3.12972 -3.14271 -6.27244
3.12972 -3.14271 -6.27244
3.12972 -3.14271 -6.27244
3.12972 -3.14271 -6.27244
3.12972 -3.14271 -6.27244
3.12972 -3.14271 -6.27244
3.12972 -3.14271 -6.27244
3.12972 -3.14271 -6.27244
3.12972 -3.14271 -6.27244
3.12955 -3.14271 -6.27226
3.12955 -3.14271 -6.27226
3.12955 -3.14271 -6.27226
3.12955 -3.14271 -6.27226
3.12955 -3.14271 -6.27226
3.12955 -3.14271 -6.27226
3.12955 -3.14271 -6.27226
3.12955 -3.14271 -6.27226
3.12955 -3.14271 -6.27226
3.12955 -3.14271 -6.27226
3.12955 -3.14271 -6.27226
3.12955 -3.14271 -6.27226
3.12938 -3.14271 -6.27209
3.12938 -3.14271 -6.27209
3.12938 -3.14271 -6.27209
3.1292 -3.14271 -6.27191
3.1292 -3.14271 -6.27191
3.1292 -3.14271 -6.27191
3.12903 -3.14271 -6.27174
3.1292 -3.14271 -6.27191
3.1292 -3.14271 -6.27191
3.1292 -3.14271 -6.27191
3.1292 -3.14271 -6.27191
3.1292 -3.14271 -6.27191
3.1292 -3.14271 -6.27191
3.12938 -3.14271 -6.27209
3.1292 -3.14271 -6.27191
3.1292 -3.14271 -6.27191
3.1292 -3.14271 -6.27191
3.1292 -3.14271 -6.27191
3.1292 -3.14271 -6.27191
3.1292 -3.14271 -6.27191
3.1292 -3.14271 -6.27191
3.12903 -3.14271 -6.27174
3.12903 -3.14271 -6.27174
3.12903 -3.14271 -6.27174
3.12903 -3.14271 -6.27174
3.12903 -3.14271 -6.27174
3.12903 -3.14271 -6.27174
3.12903 -3.14271 -6.27174
3.12903 -3.14271 -6.27174
3.12903 -3.14271 -6.27174
3.12885 -3.14271 -6.27156
3.12885 -3.14271 -6.27156
3.12885 -3.14271 -6.27156
3.12903 -3.14271 -6.27174
3.12903 -3.14271 -6.27174
3.12903 -3.14271 -6.27174
3.12903 -3.14271 -6.27174
3.12903 -3.14271 -6.27174
3.12903 -3.14271 -6.27174
3.12903 -3.14271 -6.27174
3.12903 -3.14271 -6.27174
3.12903 -3.14271 -6.27174
3.12903 -3.14271 -6.27174
3.12903 -3.14271 -6.27174
3.12903 -3.14271 -6.27174
3.12903 -3.14271 -6.27174
3.12903 -3.14271 -6.27174
3.12903 -3.14271 -6.27174
3.12903 -3.14271 -6.27174
3.12903 -3.14271 -6.27174
3.12885 -3.14271 -6.27156
3.12885 -3.14271 -6.27156
3.12885 -3.14271 -6.27156
3.12885 -3.14271 -6.27156
3.12885 -3.14271 -6.27156
3.12885 -3.14271 -6.27156
3.12903 -3.14271 -6.27174
3.12903 -3.14271 -6.27174
3.12903 -3.14271 -6.27174
3.12903 -3.14271 -6.27174
3.12903 -3.14271 -6.27174
3.12903 -3.14271 -6.27174
3.1292 -3.14271 -6.27191
3.1292 -3.14271 -6.27191
3.1292 -3.14271 -6.27191
3.1292 -3.14271 -6.27191
3.1292 -3.14271 -6.27191
3.1292 -3.14271 -6.27191
3.1292 -3.14271 -6.27191
3.1292 -3.14271 -6.27191
3.1292 -3.14271 -6.27191
3.12903 -3.14271 -6.27174
3.12903 -3.14271 -6.27174
3.12903 -3.14271 -6.27174
3.12903 -3.14271 -6.27174
3.12903 -3.14271 -6.27174
3.12903 -3.14271 -6.27174
3.1292 -3.14271 -6.27191
3.1292 -3.14271 -6.27191
3.1292 -3.14271 -6.27191
3.12903 -3.14271 -6.27174
3.12903 -3.14271 -6.27174
3.12903 -3.14271 -6.27174
3.12903 -3.14271 -6.27174
3.12903 -3.14271 -6.27174
3.12903 -3.14271 -6.27174
3.12903 -3.14271 -6.27174
3.12885 -3.14271 -6.27156
3.12885 -3.14271 -6.27156
3.12903 -3.14271 -6.27174
3.12903 -3.14271 -6.27174
3.12903 -3.14271 -6.27174
3.12903 -3.14271 -6.27174
3.1292 -3.14271 -6.27191
3.1292 -3.14271 -6.27191
3.1292 -3.14271 -6.27191
3.1292 -3.14271 -6.27191
3.1292 -3.14271 -6.27191
3.1292 -3.14271 -6.27191
3.1292 -3.14271 -6.27191
3.1292 -3.14271 -6.27191
3.1292 -3.14271 -6.27191
3.1292 -3.14271 -6.27191
3.12903 -3.14271 -6.27174
3.12903 -3.14271 -6.27174
3.12903 -3.14271 -6.27174
3.12903 -3.14271 -6.27174
3.1292 -3.14271 -6.27191
3.1292 -3.14271 -6.27191
3.12903 -3.14271 -6.27174
3.12903 -3.14271 -6.27174
3.12903 -3.14271 -6.27174
3.12903 -3.14271 -6.27174
3.12903 -3.14271 -6.27174
3.12903 -3.14271 -6.27174
3.12903 -3.14271 -6.27174
3.12903 -3.14271 -6.27174
3.12903 -3.14271 -6.27174
3.12903 -3.14271 -6.27174
3.12903 -3.14271 -6.27174
3.12885 -3.14271 -6.27156
3.12903 -3.14271 -6.27174
3.12885 -3.14271 -6.27156
3.12885 -3.14271 -6.27156
3.12903 -3.14271 -6.27174
3.12903 -3.14271 -6.27174
3.12903 -3.14271 -6.27174
3.12903 -3.14271 -6.27174
3.12903 -3.14271 -6.27174
3.12903 -3.14271 -6.27174
3.12903 -3.14271 -6.27174
3.12903 -3.14271 -6.27174
3.12903 -3.14271 -6.27174
3.1292 -3.14271 -6.27191
3.1292 -3.14271 -6.27191
3.1292 -3.14271 -6.27191
3.12903 -3.14271 -6.27174
3.1292 -3.14271 -6.27191
3.1292 -3.14271 -6.27191
3.1292 -3.14271 -6.27191
3.1292 -3.14271 -6.27191
3.1292 -3.14271 -6.27191
3.1292 -3.14271 -6.27191
3.1292 -3.14271 -6.27191
3.1292 -3.14271 -6.27191
3.1292 -3.14271 -6.27191
3.1292 -3.14271 -6.27191
3.1292 -3.14271 -6.27191
3.1292 -3.14271 -6.27191
3.1292 -3.14271 -6.27191
3.12903 -3.14271 -6.27174
3.12903 -3.14271 -6.27174
3.12903 -3.14271 -6.27174
3.12903 -3.14271 -6.27174
3.12885 -3.14271 -6.27156
3.12885 -3.14271 -6.27156
3.12903 -3.14271 -6.27174
3.12903 -3.14271 -6.27174
3.12903 -3.14271 -6.27174
3.12903 -3.14271 -6.27174
3.12903 -3.14271 -6.27174
3.12903 -0.0470702 -3.1761
3.12903 -0.0470702 -3.1761
3.12903 -0.0470702 -3.1761
3.12903 -0.0470778 -3.1761
3.12903 -0.0470778 -3.1761
3.12903 -0.0471005 -3.17613
3.13042 -0.0470929 -3.17752
3.13496 -0.0470929 -3.18205
-3.14142 -0.0470861 3.09433
-3.13531 -0.0470921 3.08822
-3.12711 -0.0470921 3.08001
-3.12082 -0.0470879 3.07374
-3.11471 -0.0470845 3.06763
-3.10913 -0.0470819 3.06205
-3.10302 -0.0470819 3.05594
-3.09656 -0.0470831 3.04948
-3.0908 -0.0470831 3.04372
-3.08539 -0.0470831 3.03831
-3.07789 -0.0470842 3.0308
-3.073 -0.04708 3.02592
-3.06811 -0.04708 3.02103
-3.06305 -0.0470833 3.01597
-3.05747 -0.0470794 3.01039
-3.05171 -0.0470747 3.00463
-3.04577 -0.0470801 2.99869
-3.03967 -0.0470863 2.99258
-3.03356 -0.0471001 2.98646
-3.02413 -0.0471078 2.97702
-3.01785 -0.0471078 2.97074
-3.01174 -0.0470981 2.96464
-3.00563 -0.0471086 2.95852
-3.00005 -0.0471086 2.95294
-2.99481 -0.0470966 2.94771
-2.9894 -0.0470966 2.9423
-2.98381 -0.0470966 2.93672
-2.97544 -0.0470966 2.92834
-2.9695 -0.0470966 2.92241
-2.96322 -0.0470966 2.91612
-2.95676 -0.0471132 2.90965
-2.94996 -0.047148 2.90281
-2.94297 -0.047148 2.89583
-2.93617 -0.047148 2.88902
-2.92971 -0.047128 2.88258
-2.92378 -0.0471072 2.87667
-2.91575 -0.0471072 2.86864
-2.91034 -0.0471072 2.86323
-2.90493 -0.0471072 2.85782
-2.89917 -0.0470834 2.85208
-2.89306 -0.0470834 2.84597
-2.88677 -0.0471087 2.83967
-2.88032 -0.0471348 2.83318
-2.87351 -0.0471348 2.82638
-2.86339 -0.0471348 2.81625
-2.85658 -0.0471348 2.80945
-2.8503 -0.0471348 2.80316
-2.84436 -0.0471042 2.79726
-2.8386 -0.0471042 2.7915
-2.83302 -0.0471042 2.78591
-2.82726 -0.047137 2.78012
-2.8215 -0.0471035 2.7744
-2.81539 -0.0471718 2.76822
-2.80579 -0.0471718 2.75862
-2.79898 -0.0471718 2.75181
-2.792 -0.0472457 2.74476
-2.78485 -0.0472457 2.7376
-2.77769 -0.0472843 2.73041
-2.77088 -0.0472448 2.72364
-2.76478 -0.0472448 2.71753
-2.75884 -0.0472038 2.71164
-2.75029 -0.0472455 2.70304
-2.74436 -0.0472455 2.69711
-2.73807 -0.047289 2.69078
-2.73144 -0.047289 2.68415
-2.72446 -0.047289 2.67717
-2.7173 -0.0473348 2.66997
-2.71015 -0.0472881 2.66286
-2.70299 -0.0472881 2.6557
-2.69618 -0.0473365 2.64885
-2.68693 -0.0473857 2.63955
-2.68117 -0.0473354 2.63384
-2.67559 -0.0473863 2.6282
-2.66983 -0.0474379 2.62239
-2.66372 -0.0475423 2.61618
-2.65709 -0.0475423 2.60955
-2.65028 -0.0475423 2.60274
-2.6433 -0.0475968 2.5957
-2.63213 -0.0476521 2.58448
-2.62463 -0.0476521 2.57697
-2.61764 -0.0476521 2.56999
-2.61136 -0.0476521 2.56371
-2.60543 -0.0476521 2.55778
-2.60019 -0.0476521 2.55254
-2.59513 -0.047592 2.54754
-2.58955 -0.0476527 2.54189
-2.58361 -0.0476527 2.53596
-2.57349 -0.0476527 2.52584
-2.56616 -0.0477158 2.51844
-2.55848 -0.0476519 2.51083
-2.55097 -0.0477166 2.50326
-2.54347 -0.047651 2.49582
-2.53649 -0.047651 2.48884
-2.5302 -0.0475839 2.48262
-2.52444 -0.0476517 2.47679
-2.51642 -0.0476517 2.46876
-2.51083 -0.0477903 2.46304
-2.50472 -0.0477204 2.457
-2.49792 -0.0477204 2.45019
-2.49058 -0.0475779 2.44301
-2.48308 -0.0476499 2.43543
-2.47523 -0.0477227 2.4275
-2.46755 -0.0477227 2.41982
-2.46004 -0.0477227 2.41232
-2.45027 -0.0475724 2.4027
-2.44451 -0.0476486 2.39686
-2.43892 -0.0476486 2.39127
-2.43334 -0.0477258 2.38561
-2.42723 -0.0477258 2.3795
-2.42042 -0.0477258 2.3727
-2.41309 -0.047805 2.36529
-2.40559 -0.0479647 2.35762
-2.39756 -0.0479647 2.34959
-2.38587 -0.0479647 2.3379
-2.37888 -0.0478822 2.331
-2.37243 -0.0478822 2.32454
-2.36667 -0.0478822 2.31878
-2.36108 -0.0480509 2.31303
-2.3555 -0.0480509 2.30745
-2.34921 -0.0481363 2.30108
-2.34223 -0.0481363 2.2941
-2.33071 -0.0481363 2.28258
-2.32286 -0.0483116 2.27455
-2.31466 -0.0482232 2.26643
-2.30698 -0.0480449 2.25893
-2.30017 -0.0480449 2.25212
-2.29406 -0.0481354 2.24593
-2.28848 -0.0482264 2.24025
-2.28289 -0.0483178 2.23457
-2.27713 -0.0483178 2.22881
-2.26736 -0.0483178 2.21904
-2.25985 -0.0483178 2.21153
-2.252 -0.0483178 2.20368
-2.24397 -0.0482232 2.19575
-2.23577 -0.0482232 2.18754
-2.22774 -0.0481272 2.17961
-2.22041 -0.0480306 2.17238
-2.21378 -0.0479334 2.16584
-2.20505 -0.0480311 2.15702
-2.19911 -0.0481296 2.15099
-2.19283 -0.0481296 2.1447
-2.18602 -0.0482291 2.1378
-2.17835 -0.0482291 2.13012
-2.17032 -0.0481285 2.12219
-2.16211 -0.0480273 2.11409
-2.15409 -0.0480273 2.10606
-2.14658 -0.0480273 2.09855
-2.13681 -0.0480273 2.08878
-2.13087 -0.048131 2.08274
-2.12511 -0.0480269 2.07709
-2.119 -0.0481314 2.07087
-2.1122 -0.0481314 2.06407
-2.10487 -0.0480259 2.05684
-2.09719 -0.0480259 2.04916
-2.08881 -0.0479194 2.04089
-2.07624 -0.0478124 2.02843
-2.06856 -0.0477044 2.02086
-2.06158 -0.0478129 2.01377
-2.0553 -0.0478129 2.00749
-2.04954 -0.0477036 2.00184
-2.04378 -0.0477036 1.99608
-2.03732 -0.0478136 1.98951
-2.03052 -0.0478136 1.9827
-2.02284 -0.0479245 1.97491
-2.0101 -0.0478131 1.96228
-2.00137 -0.047701 1.95367
-1.99352 -0.0475884 1.94593
-1.98636 -0.0477015 1.93866
-1.98008 -0.047588 1.93249
-1.97432 -0.047588 1.92673
-1.96873 -0.0477022 1.92103
-1.96245 -0.0477022 1.91475
-1.95198 -0.0477022 1.90427
-1.94395 -0.0477022 1.89625
-1.93574 -0.0474706 1.88827
-1.92702 -0.0473544 1.87966
-1.91881 -0.0473544 1.87146
-1.91114 -0.0472374 1.8639
-1.90415 -0.0472374 1.85692
-1.8977 -0.0471196 1.85058
-1.89159 -0.0470015 1.84459
-1.88199 -0.0468832 1.83511
-1.87483 -0.0471208 1.82771
-1.8668 -0.0471208 1.81968
-1.8586 -0.0471208 1.81148
-1.84987 -0.047001 1.80287
-1.84132 -0.0468808 1.79444
-1.83382 -0.0467603 1.78706
-1.82719 -0.0466396 1.78055
-1.81846 -0.0466396 1.77182
-1.81252 -0.0468823 1.76564
-1.80624 -0.0468823 1.75936
-1.79926 -0.0470041 1.75226
-1.79141 -0.0470041 1.7444
-1.78285 -0.0470041 1.73585
-1.7743 -0.0467589 1.72754
-1.76592 -0.0468818 1.71904
-1.75807 -0.0467586 1.71131
-1.7483 -0.0466353 1.70166
-1.74219 -0.0465116 1.69568
-1.73625 -0.0466354 1.68962
-1.7298 -0.0466354 1.68316
-1.72264 -0.0466354 1.676
-1.71479 -0.0466354 1.66815
-1.70623 -0.0466354 1.6596
-1.69733 -0.0465107 1.65082
-1.68459 -0.0463858 1.63821
-1.67726 -0.0462606 1.631
-1.67063 -0.0461352 1.62449
-1.6647 -0.0460097 1.61869
-1.65859 -0.0458841 1.6127
-1.65213 -0.0460098 1.60612
-1.64497 -0.0461356 1.59884
-1.63712 -0.0460097 1.59111
-1.62857 -0.0460097 1.58256
-1.6153 -0.0460097 1.56929
-1.6071 -0.0458834 1.56122
-1.59942 -0.0457569 1.55366
-1.59261 -0.0455039 1.54711
-1.58616 -0.0453774 1.54078
-1.5797 -0.0453774 1.53432
-1.57307 -0.045504 1.52756
-1.56573 -0.0453773 1.52036
-1.55369 -0.0453773 1.50831
-1.54514 -0.0452505 1.49989
-1.53676 -0.0453774 1.49139
-1.52891 -0.0452505 1.48366
-1.52175 -0.0449967 1.47676
-1.51495 -0.0448698 1.47008
-1.50831 -0.0448698 1.46344
-1.50151 -0.0448698 1.45664
-1.49453 -0.0448698 1.44966
-1.48301 -0.0449967 1.43801
-1.4748 -0.0449967 1.42981
-1.46625 -0.0449967 1.42125
-1.45752 -0.0449967 1.41253
-1.4495 -0.0448701 1.40463
-1.44234 -0.044617 1.39772
-1.43553 -0.0444905 1.39104
-1.42873 -0.0446169 1.38411
-1.4186 -0.0446169 1.37399
-1.41127 -0.0446169 1.36666
-1.40342 -0.0446169 1.3588
-1.39522 -0.0447429 1.35047
-1.38666 -0.0448687 1.3418
-1.37846 -0.044743 1.33372
-1.37061 -0.0444919 1.32612
-1.3631 -0.0441156 1.31899
-1.35595 -0.0441156 1.31183
-1.34565 -0.0442408 1.30141
-1.33832 -0.0442408 1.29408
-1.33081 -0.0439913 1.28682
-1.32296 -0.0441159 1.27884
-1.31476 -0.0442402 1.27052
-1.3062 -0.0442402 1.26196
-1.29783 -0.0442402 1.25359
-1.28997 -0.0438692 1.2461
-1.27863 -0.0437457 1.23488
-1.27147 -0.0437457 1.22773
-1.26432 -0.0438686 1.22045
-1.25681 -0.0437459 1.21307
-1.24931 -0.0436235 1.20568
-1.24128 -0.0437457 1.19753
-1.2329 -0.0438676 1.18903
-1.2247 -0.0438676 1.18083
-1.21684 -0.0435037 1.17334
-1.20567 -0.0432617 1.16241
-1.19852 -0.0432617 1.15526
-1.19136 -0.0432617 1.1481
-1.18403 -0.0432617 1.14077
-1.17635 -0.0430223 1.13333
-1.1685 -0.0430223 1.12548
-1.16029 -0.0431413 1.11715
-1.15192 -0.0431413 1.10878
-1.13987 -0.043023 1.09685
-1.13202 -0.0427876 1.08923
-1.12434 -0.0427876 1.08155
-1.11666 -0.0426707 1.07399
-1.10898 -0.0426707 1.06631
-1.10113 -0.0425545 1.05857
-1.09327 -0.0425545 1.05072
-1.0849 -0.0426699 1.04223
-1.07669 -0.0428997 1.03379
-1.06465 -0.0427852 1.02187
-1.0568 -0.0425576 1.01424
-1.04912 -0.0424442 1.00667
-1.04161 -0.0423313 0.999281
-1.03411 -0.0423313 0.991776
-1.02643 -0.0422193 0.984209
-1.01857 -0.0421077 0.976466
-1.01072 -0.0419966 0.968724
-1.00252 -0.0416647 0.960852
-0.990649 -0.0412242 0.949425
-0.982795 -0.0405679 0.942227
-0.975115 -0.0398058 0.93531
-0.967261 -0.0387219 0.92854
-0.959058 -0.037643 0.921415
-0.950681 -0.0363547 0.914326
-0.942129 -0.0350731 0.907056
-0.933402 -0.0334795 0.899923
-0.920836 -0.0316834 0.889152
-0.912633 -0.0300069 0.882626
-0.904604 -0.028131 0.876473
-0.896401 -0.0262652 0.870136
-0.887849 -0.0242037 0.863645
-0.879122 -0.0219495 0.857173
-0.870396 -0.0213492 0.849046
-0.86132 -0.0187211 0.842599
-0.851895 -0.0162109 0.835684
-0.837234 -0.0135191 0.823715
-0.82781 -0.0109569 0.816853
-0.818908 -0.00821822 0.81069
-0.810356 -0.00540218 0.804954
-0.80163 -0.00250956 0.79912
-0.792379 0.000553271 0.792933
-0.783304 0.00378169 0.787085
-0.773879 0.00679604 0.780675
-0.759044 0.00978489 0.768829
-0.74927 0.013009 0.762279
-0.739496 0.0164771 0.755973
-0.729548 0.0199125 0.74946
-0.71925 0.0234931 0.742743
-0.709825 0.0272136 0.737039
-0.700401 0.0308979 0.731299
-0.690452 0.032586 0.723038
-0.680853 0.0366157 0.717469
-0.666716 0.040857 0.707573
-0.656942 0.0448633 0.701805
-0.647517 0.0488238 0.696341
-0.638092 0.0529844 0.691077
-0.628493 0.0570971 0.68559
-0.619068 0.0613198 0.680388
-0.609294 0.0654917 0.674786
-0.598997 0.0696103 0.668607
-0.583638 0.0716934 0.655332
-0.57369 0.0759574 0.649647
-0.563916 0.0805298 0.644446
-0.554317 0.0851098 0.639426
-0.545066 0.0894809 0.634547
-0.535816 0.0936491 0.629465
-0.526217 0.0981053 0.624322
-0.516617 0.102493 0.619111
-0.507018 0.104507 0.611525
-0.492706 0.109071 0.601777
-0.483282 0.113524 0.596806
-0.473508 0.117903 0.591411
-0.463559 0.122454 0.586013
-0.453087 0.126859 0.579947
-0.44279 0.128738 0.571528
-0.432842 0.133007 0.565849
-0.422893 0.137364 0.560257
-0.40736 0.14163 0.54899
-0.397062 0.145976 0.543038
-0.386939 0.150223 0.537163
-0.376991 0.151903 0.528895
-0.367043 0.155985 0.523027
-0.356571 0.160214 0.516785
-0.345924 0.164335 0.510259
-0.335452 0.168345 0.503797
-0.325504 0.16968 0.495184
-0.31032 0.173757 0.484076
-0.300022 0.177578 0.4776
-0.289899 0.181285 0.471184
-0.279602 0.185036 0.464638
-0.268955 0.186106 0.455062
-0.258134 0.189621 0.447755
-0.247662 0.193007 0.440669
-0.237365 0.196473 0.433838
-0.221657 0.197423 0.41908
-0.211534 0.200532 0.412066
-0.201411 0.203513 0.404924
-0.190939 0.206479 0.397418
-0.180642 0.206993 0.387634
-0.170344 0.20978 0.380125
-0.159872 0.212427 0.372299
-0.1494 0.212694 0.362094
-0.138928 0.215126 0.354054
-0.122871 0.217429 0.3403
-0.112399 0.219501 0.3319
-0.101753 0.21932 0.321073
-0.0912807 0.221114 0.312395
-0.0808087 0.222767 0.303576
-0.0701622 0.222285 0.292447
-0.0596903 0.223631 0.283322
-0.0490438 0.224844 0.273888
-0.0331613 0.223998 0.25716
-0.0225147 0.224783 0.247298
-0.0120428 0.2254 0.237443
-0.00191986 0.224079 0.225999
0.00855211 0.224336 0.215784
0.0190241 0.224415 0.205391
0.0293215 0.222652 0.193331
0.0397935 0.222334 0.18254
0.05044 0.220309 0.169869
0.066148 0.219541 0.153393
0.0767945 0.218478 0.141683
0.0872665 0.215806 0.128539
0.0977384 0.214257 0.116518
0.10821 0.211251 0.10304
0.119031 0.209213 0.0901811
0.129852 0.206943 0.07709
0.140674 0.203281 0.0626071
0.15708 0.200428 0.0433485
0.167726 0.196193 0.0284673
0.178024 0.192702 0.0146784
0.187448 0.187939 0.000490972
0.196 0.183749 -0.012252
0.203331 0.179406 -0.0239248
0.209614 0.173915 -0.0356993
0.214675 0.169132 -0.0455437
0.218166 0.163655 -0.0545109
0.221657 0.158778 -0.0628792
0.222879 0.153264 -0.0696145
0.223053 0.148334 -0.0747195
0.22218 0.142909 -0.0792712
0.220784 0.138132 -0.082652
0.219039 0.133378 -0.0856605
0.21677 0.12819 -0.0885802
0.214152 0.123417 -0.0907351
0.208916 0.118385 -0.0905307
0.205251 0.113867 -0.0913833
0.201586 0.109159 -0.0924267
0.197397 0.104831 -0.0925657
0.19251 0.100588 -0.0919221
0.187099 0.096259 -0.0908403
0.18134 0.0921963 -0.0891434
0.17558 0.0880279 -0.0875523
0.169821 0.0841329 -0.0856876
0.161617 0.0802342 -0.0813833
0.156556 0.0766347 -0.0799214
0.151844 0.0731035 -0.0787401
0.14748 0.0695891 -0.0778912
0.143292 0.0663283 -0.0769632
0.139626 0.0630709 -0.0765554
0.135961 0.0599218 -0.0760394
0.132296 0.0568388 -0.0754571
0.126013 0.0537799 -0.0722329
0.121649 0.0508936 -0.0707559
0.117286 0.0481365 -0.0691496
0.113446 0.0454298 -0.0680166
0.109432 0.0428612 -0.0665709
0.105069 0.0403878 -0.0646811
0.101055 0.0379874 -0.0630671
0.0973894 0.0356463 -0.0617431
0.0935496 0.033426 -0.0601237
0.0879646 0.0311943 -0.0567703
0.0844739 0.029215 -0.055259
0.0811578 0.027229 -0.0539288
0.0783653 0.0253083 -0.053057
0.0759218 0.023584 -0.0523378
0.0731293 0.0217957 -0.0513336
0.0705113 0.0201525 -0.0503588
0.0680678 0.018472 -0.0495958
0.0644026 0.0169536 -0.047449
0.0623083 0.0154173 -0.0468909
0.0602139 0.0140401 -0.0461738
0.0579449 0.0125879 -0.0453571
0.0555015 0.0112947 -0.0442068
0.0532325 0.00995593 -0.0432766
0.0513127 0.00879808 -0.0425146
0.0492183 0.00756058 -0.0416577
0.047473 0.0063529 -0.0411201
0.0450295 0.00531628 -0.0397132
0.0436332 0.00422343 -0.0394098
0.042586 0.00327941 -0.0393066
0.0410152 0.00224166 -0.0387736
0.0392699 0.00135415 -0.0379158
0.0375246 0.000393001 -0.0371316
0.0361283 -0.000396814 -0.0365251
0.0345575 -0.00127527 -0.0358328
0.0326377 -0.00202803 -0.0346657
0.0314159 -0.00282496 -0.0342409
0.0303687 -0.00349483 -0.0338636
0.0296706 -0.00424272 -0.0339133
0.0287979 -0.00486105 -0.033659
0.0277507 -0.00555337 -0.0333041
0.026529 -0.00614673 -0.0326757
0.0251327 -0.0067898 -0.0319225
0.0240855 -0.00739621 -0.0314818
0.0225147 -0.00788846 -0.0304032
0.0218166 -0.00843024 -0.0302469
0.0211185 -0.00888027 -0.0299988
0.0202458 -0.00940023 -0.0296461
0.0190241 -0.00981067 -0.0288348
0.0178024 -0.01027 -0.0280724
0.0164061 -0.0106329 -0.027039
0.0148353 -0.0110336 -0.0258689
0.013439 -0.0113323 -0.0247713
0.0129154 -0.0116638 -0.0245792
0.0125664 -0.01191 -0.0244764
0.0125664 -0.0122086 -0.024775
0.0123918 -0.0124536 -0.0248454
0.0116937 -0.0127481 -0.0244418
0.0106465 -0.012985 -0.0236315
0.00959931 -0.01324 -0.0228393
0.00837758 -0.0134288 -0.0218064
0.00698132 -0.013629 -0.0206103
0.00610865 -0.0137633 -0.019872
0.00506145 -0.0139047 -0.0189661
0.00453786 -0.0139974 -0.0185352
0.00436332 -0.0140988 -0.0184621
0.00418879 -0.0141821 -0.0183709
0.00401426 -0.0142759 -0.0182902
0.00366519 -0.0143659 -0.018031
0.00331613 -0.0144427 -0.0177589
0.00331613 -0.0145145 -0.0178306
0.00314159 -0.0145908 -0.0177324
0.00314159 -0.0146577 -0.0177993
0.00331613 -0.0147411 -0.0180572
0.00331613 -0.0148121 -0.0181283
0.00314159 -0.0149117 -0.0180533
0.00314159 -0.0149795 -0.0181211
0.00331613 -0.0150878 -0.0184039
0.00296706 -0.0151614 -0.0181285
0.00296706 -0.0152796 -0.0182466
0.00279253 -0.0153451 -0.0181376
0.00261799 -0.0154734 -0.0180914
0.00261799 -0.0155315 -0.0181495
0.00226893 -0.0156712 -0.0179401
0.0020944 -0.015722 -0.0178164
0.00191986 -0.0158676 -0.0177874
0.00174533 -0.0159118 -0.0176571
0.00174533 -0.0160688 -0.0178141
0.00174533 -0.0161118 -0.0178572
0.00139626 -0.0162894 -0.0176857
0.00122173 -0.0163264 -0.0175482
0.00122173 -0.0165124 -0.0177341
0.0010472 -0.0165484 -0.0175956
0.0010472 -0.0167553 -0.0178025
0.0010472 -0.0167909 -0.0178381
0.000523599 -0.0170235 -0.0175471
0 -0.0170506 -0.0170506
-0.000698132 -0.0172829 -0.0165848
-0.00139626 -0.0172841 -0.0158879
-0.0015708 -0.0175097 -0.0159389
-0.00139626 -0.0174948 -0.0160986
-0.00122173 -0.0177495 -0.0165278
-0.0010472 -0.0177492 -0.016702
-0.000872665 -0.0180428 -0.0171702
-0.000523599 -0.0180585 -0.0175349
0 -0.0183965 -0.0183965
0.000523599 -0.0184409 -0.0189645
0.000698132 -0.0188354 -0.0195335
0.000872665 -0.0189049 -0.0197776
0.000872665 -0.0193407 -0.0202134
0.000698132 -0.0194231 -0.0201212
0.000349066 -0.0198834 -0.0202325
-0.000174533 -0.0199631 -0.0197886
-0.000698132 -0.0204325 -0.0197344
-0.00139626 -0.0204964 -0.0191001
-0.00261799 -0.0209659 -0.0183479
-0.00383972 -0.0209905 -0.0171507
-0.00436332 -0.0214237 -0.0170604
-0.00488692 -0.0214152 -0.0165282
-0.00541052 -0.0218458 -0.0164353
-0.00575959 -0.0218221 -0.0160625
-0.00645772 -0.0222534 -0.0157957
-0.00698132 -0.0222153 -0.015234
-0.00733038 -0.0226305 -0.0153001
-0.00785398 -0.0225823 -0.0147283
-0.00802851 -0.0229849 -0.0149564
-0.00785398 -0.0229301 -0.0150761
-0.00750492 -0.0233413 -0.0158364
-0.00680678 -0.0233122 -0.0165054
-0.00575959 -0.0237433 -0.0179837
-0.00523599 -0.0237699 -0.0185339
-0.00453786 -0.0242267 -0.0196888
-0.00418879 -0.0242961 -0.0201073
-0.00418879 -0.0247638 -0.020575
-0.00418879 -0.0248511 -0.0206623
-0.00436332 -0.0252819 -0.0209186
-0.00471239 -0.0253758 -0.0206634
-0.00506145 -0.0257414 -0.02068
-0.00541052 -0.0258274 -0.0204168
-0.00541052 -0.0261205 -0.02071
-0.00558505 -0.0262044 -0.0206194
-0.00610865 -0.0264105 -0.0203018
-0.00680678 -0.0264817 -0.0196749
-0.00733038 -0.0265545 -0.0192241
-0.00820305 -0.0265988 -0.0183958
-0.00890118 -0.026529 -0.0176278
-0.00994838 -0.0265341 -0.0165857
-0.010472 -0.0262762 -0.0158042
-0.0106465 -0.0262387 -0.0155922
-0.0109956 -0.0257904 -0.0147948
-0.0115192 -0.0257335 -0.0142143
-0.0118682 -0.0250836 -0.0132154
-0.0118682 -0.024993 -0.0131247
-0.0120428 -0.0241114 -0.0120686
-0.0120428 -0.0240021 -0.0119594
-0.0116937 -0.0228549 -0.0111612
-0.0115192 -0.0227328 -0.0112136
-0.0113446 -0.0213279 -0.00998328
-0.0111701 -0.0211876 -0.0100175
-0.0109956 -0.0194716 -0.00847605
-0.010821 -0.0193041 -0.00848306
-0.010821 -0.0172269 -0.00640586
-0.0109956 -0.0170229 -0.00602731
-0.0106465 -0.014554 -0.00390753
-0.0101229 -0.0143063 -0.00418341
-0.00959931 -0.011428 -0.00182865
-0.00907571 -0.0111482 -0.00207248
-0.00872665 -0.00780506 0.000921591
-0.00802851 -0.0074771 0.000551411
-0.00767945 -0.00365163 0.00402782
-0.00750492 -0.00327388 0.00423104
-0.00715585 0.0010986 0.00825445
-0.00593412 0.00156326 0.00749738
-0.00488692 0.00651997 0.0114069
-0.00331613 0.00702339 0.0103395
-0.0015708 0.012542 0.0141128
-0.000174533 0.0130643 0.0132388
0.00139626 0.0191917 0.0177954
0.00296706 0.0197823 0.0168153
0.00471239 0.0265676 0.0218552
0.00733038 0.0272221 0.0198917
0.00907571 0.0346576 0.0255819
0.0111701 0.0353545 0.0241844
0.013439 0.0434861 0.0300471
0.0153589 0.0442476 0.0288887
0.0172788 0.0530694 0.0357906
0.0190241 0.0539165 0.0348924
0.0205949 0.0634928 0.0428979
0.0226893 0.0736502 0.0509609
0.0263545 0.0748069 0.0484524
0.029147 0.0856107 0.0564637
0.031765 0.0868004 0.0550354
0.0347321 0.0982691 0.063537
0.0380482 0.0995481 0.0614999
0.0415388 0.111621 0.0700826
0.0450295 0.113021 0.0679913
0.0486947 0.12554 0.0768455
0.0544543 0.127015 0.0725602
0.0584685 0.139939 0.0814705
0.0630064 0.141447 0.0784402
0.0678933 0.154699 0.0868056
0.0729548 0.15624 0.0832855
0.0787143 0.16947 0.0907555
0.084823 0.171041 0.086218
0.0916298 0.184264 0.0926346
0.0991347 0.185823 0.0866882
0.111352 0.198755 0.0874032
0.11973 0.200091 0.0803614
0.128282 0.212024 0.0837424
0.136659 0.213258 0.0765983
0.144688 0.224229 0.0795416
0.152367 0.225339 0.0729719
0.159872 0.235337 0.0754652
0.167203 0.236326 0.0691233
0.178547 0.245246 0.0666984
0.186227 0.246027 0.0598005
0.193732 0.253703 0.0599718
0.200713 0.25431 0.0535972
0.207694 0.260952 0.0532574
0.214152 0.261392 0.0472402
0.219911 0.267356 0.0474441
0.225497 0.26766 0.0421631
0.230034 0.273035 0.0430006
0.235619 0.273226 0.0376067
0.239808 0.277932 0.0381236
0.244172 0.27801 0.0338388
0.248709 0.281808 0.0330986
